DATAFLOW,MEASURE,SEX,AGE,REGION,FREQ,TIME_PERIOD,OBS_VALUE,UNIT_MEASURE,OBS_STATUS,OBS_COMMENT
ABS:ERP_Q(1.0.0),1,3,TOT,4,Q,2010-Q1,1624033,PSNS,,
ABS:ERP_Q(1.0.0),1,3,TOT,4,Q,2010-Q2,1627322,PSNS,,
ABS:ERP_Q(1.0.0),1,3,TOT,4,Q,2010-Q3,1630230,PSNS,,
ABS:ERP_Q(1.0.0),1,3,TOT,4,Q,2010-Q4,1632482,PSNS,,
ABS:ERP_Q(1.0.0),1,3,TOT,4,Q,2011-Q1,1636759,PSNS,,
ABS:ERP_Q(1.0.0),1,3,TOT,4,Q,2011-Q2,1639614,PSNS,,
ABS:ERP_Q(1.0.0),1,3,TOT,4,Q,2011-Q3,1643402,PSNS,,
ABS:ERP_Q(1.0.0),1,3,TOT,4,Q,2011-Q4,1647183,PSNS,,
ABS:ERP_Q(1.0.0),1,3,TOT,4,Q,2012-Q1,1652716,PSNS,,
ABS:ERP_Q(1.0.0),1,3,TOT,4,Q,2012-Q2,1656725,PSNS,,
ABS:ERP_Q(1.0.0),1,3,TOT,4,Q,2012-Q3,1660198,PSNS,,
ABS:ERP_Q(1.0.0),1,3,TOT,4,Q,2012-Q4,1663082,PSNS,,
ABS:ERP_Q(1.0.0),1,3,TOT,4,Q,2013-Q1,1668056,PSNS,,
ABS:ERP_Q(1.0.0),1,3,TOT,4,Q,2013-Q2,1671488,PSNS,,
ABS:ERP_Q(1.0.0),1,3,TOT,4,Q,2013-Q3,1675313,PSNS,,
ABS:ERP_Q(1.0.0),1,3,TOT,4,Q,2013-Q4,1678052,PSNS,,
ABS:ERP_Q(1.0.0),1,3,TOT,4,Q,2014-Q1,1683544,PSNS,,
ABS:ERP_Q(1.0.0),1,3,TOT,4,Q,2014-Q2,1686945,PSNS,,
ABS:ERP_Q(1.0.0),1,3,TOT,4,Q,2014-Q3,1690133,PSNS,,
ABS:ERP_Q(1.0.0),1,3,TOT,4,Q,2014-Q4,1693107,PSNS,,
ABS:ERP_Q(1.0.0),1,3,TOT,4,Q,2015-Q1,1698433,PSNS,,
ABS:ERP_Q(1.0.0),1,3,TOT,4,Q,2015-Q2,1700668,PSNS,,
ABS:ERP_Q(1.0.0),1,3,TOT,4,Q,2015-Q3,1703703,PSNS,,
ABS:ERP_Q(1.0.0),1,3,TOT,4,Q,2015-Q4,1705937,PSNS,,
ABS:ERP_Q(1.0.0),1,3,TOT,4,Q,2016-Q1,1710334,PSNS,,
ABS:ERP_Q(1.0.0),1,3,TOT,4,Q,2016-Q2,1712843,PSNS,,
ABS:ERP_Q(1.0.0),1,3,TOT,4,Q,2016-Q3,1717275,PSNS,,
ABS:ERP_Q(1.0.0),1,3,TOT,4,Q,2016-Q4,1719580,PSNS,,
ABS:ERP_Q(1.0.0),1,3,TOT,4,Q,2017-Q1,1725253,PSNS,,
ABS:ERP_Q(1.0.0),1,3,TOT,4,Q,2017-Q2,1728673,PSNS,,
ABS:ERP_Q(1.0.0),1,3,TOT,4,Q,2017-Q3,1733055,PSNS,,
ABS:ERP_Q(1.0.0),1,3,TOT,4,Q,2017-Q4,1735654,PSNS,,
ABS:ERP_Q(1.0.0),1,3,TOT,4,Q,2018-Q1,1742255,PSNS,,
ABS:ERP_Q(1.0.0),1,3,TOT,4,Q,2018-Q2,1746137,PSNS,,
ABS:ERP_Q(1.0.0),1,3,TOT,4,Q,2018-Q3,1751849,PSNS,,
ABS:ERP_Q(1.0.0),1,3,TOT,4,Q,2018-Q4,1755715,PSNS,,
ABS:ERP_Q(1.0.0),1,3,TOT,4,Q,2019-Q1,1762889,PSNS,,
ABS:ERP_Q(1.0.0),1,3,TOT,4,Q,2019-Q2,1767395,PSNS,,
ABS:ERP_Q(1.0.0),1,3,TOT,4,Q,2019-Q3,1774006,PSNS,,
ABS:ERP_Q(1.0.0),1,3,TOT,4,Q,2019-Q4,1778928,PSNS,,
ABS:ERP_Q(1.0.0),1,3,TOT,4,Q,2020-Q1,1787847,PSNS,,
ABS:ERP_Q(1.0.0),1,3,TOT,4,Q,2020-Q2,1790355,PSNS,,
ABS:ERP_Q(1.0.0),1,3,TOT,4,Q,2020-Q3,1792178,PSNS,,
ABS:ERP_Q(1.0.0),1,3,TOT,4,Q,2020-Q4,1794514,PSNS,,
ABS:ERP_Q(1.0.0),1,3,TOT,4,Q,2021-Q1,1798586,PSNS,,
ABS:ERP_Q(1.0.0),1,3,TOT,4,Q,2021-Q2,1802601,PSNS,,
ABS:ERP_Q(1.0.0),1,3,TOT,4,Q,2021-Q3,1803789,PSNS,,
ABS:ERP_Q(1.0.0),1,3,TOT,4,Q,2021-Q4,1807839,PSNS,,
ABS:ERP_Q(1.0.0),1,3,TOT,4,Q,2022-Q1,1818356,PSNS,,
ABS:ERP_Q(1.0.0),1,3,TOT,4,Q,2022-Q2,1824969,PSNS,,
ABS:ERP_Q(1.0.0),1,3,TOT,4,Q,2022-Q3,1833331,PSNS,,
ABS:ERP_Q(1.0.0),1,3,TOT,4,Q,2022-Q4,1840187,PSNS,,
ABS:ERP_Q(1.0.0),1,3,TOT,4,Q,2023-Q1,1851014,PSNS,,
ABS:ERP_Q(1.0.0),1,3,TOT,4,Q,2023-Q2,1857646,PSNS,,
ABS:ERP_Q(1.0.0),1,3,TOT,4,Q,2023-Q3,1865760,PSNS,,
ABS:ERP_Q(1.0.0),1,3,TOT,4,Q,2023-Q4,1870937,PSNS,,
ABS:ERP_Q(1.0.0),1,3,TOT,4,Q,2024-Q1,1878655,PSNS,,
ABS:ERP_Q(1.0.0),1,3,TOT,4,Q,2024-Q2,1882164,PSNS,,
ABS:ERP_Q(1.0.0),1,3,TOT,4,Q,2024-Q3,1887110,PSNS,,
ABS:ERP_Q(1.0.0),1,3,TOT,4,Q,2024-Q4,1891224,PSNS,,
ABS:ERP_Q(1.0.0),1,3,TOT,4,Q,2025-Q1,1898449,PSNS,,
ABS:ERP_Q(1.0.0),1,3,TOT,4,Q,2025-Q2,1901652,PSNS,,
ABS:ERP_Q(1.0.0),1,3,TOT,4,Q,2025-Q3,1907269,PSNS,,
ABS:ERP_Q(1.0.0),1,3,TOT,4,Q,2025-Q4,1910780,PSNS,,
ABS:ERP_Q(1.0.0),1,3,TOT,4,Q,2026-Q1,1916836,PSNS,,
ABS:ERP_Q(1.0.0),1,3,TOT,2,Q,2010-Q1,5445172,PSNS,,
ABS:ERP_Q(1.0.0),1,3,TOT,2,Q,2010-Q2,5461101,PSNS,,
ABS:ERP_Q(1.0.0),1,3,TOT,2,Q,2010-Q3,5478710,PSNS,,
ABS:ERP_Q(1.0.0),1,3,TOT,2,Q,2010-Q4,5495711,PSNS,,
ABS:ERP_Q(1.0.0),1,3,TOT,2,Q,2011-Q1,5520378,PSNS,,
ABS:ERP_Q(1.0.0),1,3,TOT,2,Q,2011-Q2,5537817,PSNS,,
ABS:ERP_Q(1.0.0),1,3,TOT,2,Q,2011-Q3,5564662,PSNS,,
ABS:ERP_Q(1.0.0),1,3,TOT,2,Q,2011-Q4,5591818,PSNS,,
ABS:ERP_Q(1.0.0),1,3,TOT,2,Q,2012-Q1,5625354,PSNS,,
ABS:ERP_Q(1.0.0),1,3,TOT,2,Q,2012-Q2,5651091,PSNS,,
ABS:ERP_Q(1.0.0),1,3,TOT,2,Q,2012-Q3,5680420,PSNS,,
ABS:ERP_Q(1.0.0),1,3,TOT,2,Q,2012-Q4,5709586,PSNS,,
ABS:ERP_Q(1.0.0),1,3,TOT,2,Q,2013-Q1,5744915,PSNS,,
ABS:ERP_Q(1.0.0),1,3,TOT,2,Q,2013-Q2,5772669,PSNS,,
ABS:ERP_Q(1.0.0),1,3,TOT,2,Q,2013-Q3,5804499,PSNS,,
ABS:ERP_Q(1.0.0),1,3,TOT,2,Q,2013-Q4,5832585,PSNS,,
ABS:ERP_Q(1.0.0),1,3,TOT,2,Q,2014-Q1,5869511,PSNS,,
ABS:ERP_Q(1.0.0),1,3,TOT,2,Q,2014-Q2,5894917,PSNS,,
ABS:ERP_Q(1.0.0),1,3,TOT,2,Q,2014-Q3,5927199,PSNS,,
ABS:ERP_Q(1.0.0),1,3,TOT,2,Q,2014-Q4,5957512,PSNS,,
ABS:ERP_Q(1.0.0),1,3,TOT,2,Q,2015-Q1,5995205,PSNS,,
ABS:ERP_Q(1.0.0),1,3,TOT,2,Q,2015-Q2,6022322,PSNS,,
ABS:ERP_Q(1.0.0),1,3,TOT,2,Q,2015-Q3,6057558,PSNS,,
ABS:ERP_Q(1.0.0),1,3,TOT,2,Q,2015-Q4,6093049,PSNS,,
ABS:ERP_Q(1.0.0),1,3,TOT,2,Q,2016-Q1,6138627,PSNS,,
ABS:ERP_Q(1.0.0),1,3,TOT,2,Q,2016-Q2,6173172,PSNS,,
ABS:ERP_Q(1.0.0),1,3,TOT,2,Q,2016-Q3,6205852,PSNS,,
ABS:ERP_Q(1.0.0),1,3,TOT,2,Q,2016-Q4,6235781,PSNS,,
ABS:ERP_Q(1.0.0),1,3,TOT,2,Q,2017-Q1,6278555,PSNS,,
ABS:ERP_Q(1.0.0),1,3,TOT,2,Q,2017-Q2,6302608,PSNS,,
ABS:ERP_Q(1.0.0),1,3,TOT,2,Q,2017-Q3,6333514,PSNS,,
ABS:ERP_Q(1.0.0),1,3,TOT,2,Q,2017-Q4,6358210,PSNS,,
ABS:ERP_Q(1.0.0),1,3,TOT,2,Q,2018-Q1,6398586,PSNS,,
ABS:ERP_Q(1.0.0),1,3,TOT,2,Q,2018-Q2,6423038,PSNS,,
ABS:ERP_Q(1.0.0),1,3,TOT,2,Q,2018-Q3,6454976,PSNS,,
ABS:ERP_Q(1.0.0),1,3,TOT,2,Q,2018-Q4,6479695,PSNS,,
ABS:ERP_Q(1.0.0),1,3,TOT,2,Q,2019-Q1,6518716,PSNS,,
ABS:ERP_Q(1.0.0),1,3,TOT,2,Q,2019-Q2,6537305,PSNS,,
ABS:ERP_Q(1.0.0),1,3,TOT,2,Q,2019-Q3,6567898,PSNS,,
ABS:ERP_Q(1.0.0),1,3,TOT,2,Q,2019-Q4,6590050,PSNS,,
ABS:ERP_Q(1.0.0),1,3,TOT,2,Q,2020-Q1,6616636,PSNS,,
ABS:ERP_Q(1.0.0),1,3,TOT,2,Q,2020-Q2,6615046,PSNS,,
ABS:ERP_Q(1.0.0),1,3,TOT,2,Q,2020-Q3,6591437,PSNS,,
ABS:ERP_Q(1.0.0),1,3,TOT,2,Q,2020-Q4,6567195,PSNS,,
ABS:ERP_Q(1.0.0),1,3,TOT,2,Q,2021-Q1,6555302,PSNS,,
ABS:ERP_Q(1.0.0),1,3,TOT,2,Q,2021-Q2,6547822,PSNS,,
ABS:ERP_Q(1.0.0),1,3,TOT,2,Q,2021-Q3,6543116,PSNS,,
ABS:ERP_Q(1.0.0),1,3,TOT,2,Q,2021-Q4,6555013,PSNS,,
ABS:ERP_Q(1.0.0),1,3,TOT,2,Q,2022-Q1,6591580,PSNS,,
ABS:ERP_Q(1.0.0),1,3,TOT,2,Q,2022-Q2,6615232,PSNS,,
ABS:ERP_Q(1.0.0),1,3,TOT,2,Q,2022-Q3,6657690,PSNS,,
ABS:ERP_Q(1.0.0),1,3,TOT,2,Q,2022-Q4,6700395,PSNS,,
ABS:ERP_Q(1.0.0),1,3,TOT,2,Q,2023-Q1,6757251,PSNS,,
ABS:ERP_Q(1.0.0),1,3,TOT,2,Q,2023-Q2,6797169,PSNS,,
ABS:ERP_Q(1.0.0),1,3,TOT,2,Q,2023-Q3,6845666,PSNS,,
ABS:ERP_Q(1.0.0),1,3,TOT,2,Q,2023-Q4,6881068,PSNS,,
ABS:ERP_Q(1.0.0),1,3,TOT,2,Q,2024-Q1,6928534,PSNS,,
ABS:ERP_Q(1.0.0),1,3,TOT,2,Q,2024-Q2,6950961,PSNS,,
ABS:ERP_Q(1.0.0),1,3,TOT,2,Q,2024-Q3,6979007,PSNS,,
ABS:ERP_Q(1.0.0),1,3,TOT,2,Q,2024-Q4,7003810,PSNS,,
ABS:ERP_Q(1.0.0),1,3,TOT,2,Q,2025-Q1,7044730,PSNS,,
ABS:ERP_Q(1.0.0),1,3,TOT,2,Q,2025-Q2,7064041,PSNS,,
ABS:ERP_Q(1.0.0),1,3,TOT,2,Q,2025-Q3,7093876,PSNS,,
ABS:ERP_Q(1.0.0),1,3,TOT,2,Q,2025-Q4,7116016,PSNS,,
ABS:ERP_Q(1.0.0),1,3,TOT,2,Q,2026-Q1,7154221,PSNS,,
ABS:ERP_Q(1.0.0),1,3,TOT,5,Q,2010-Q1,2278589,PSNS,,
ABS:ERP_Q(1.0.0),1,3,TOT,5,Q,2010-Q2,2290845,PSNS,,
ABS:ERP_Q(1.0.0),1,3,TOT,5,Q,2010-Q3,2305415,PSNS,,
ABS:ERP_Q(1.0.0),1,3,TOT,5,Q,2010-Q4,2319063,PSNS,,
ABS:ERP_Q(1.0.0),1,3,TOT,5,Q,2011-Q1,2337611,PSNS,,
ABS:ERP_Q(1.0.0),1,3,TOT,5,Q,2011-Q2,2353409,PSNS,,
ABS:ERP_Q(1.0.0),1,3,TOT,5,Q,2011-Q3,2369612,PSNS,,
ABS:ERP_Q(1.0.0),1,3,TOT,5,Q,2011-Q4,2385947,PSNS,,
ABS:ERP_Q(1.0.0),1,3,TOT,5,Q,2012-Q1,2408108,PSNS,,
ABS:ERP_Q(1.0.0),1,3,TOT,5,Q,2012-Q2,2425507,PSNS,,
ABS:ERP_Q(1.0.0),1,3,TOT,5,Q,2012-Q3,2442876,PSNS,,
ABS:ERP_Q(1.0.0),1,3,TOT,5,Q,2012-Q4,2457489,PSNS,,
ABS:ERP_Q(1.0.0),1,3,TOT,5,Q,2013-Q1,2475242,PSNS,,
ABS:ERP_Q(1.0.0),1,3,TOT,5,Q,2013-Q2,2486944,PSNS,,
ABS:ERP_Q(1.0.0),1,3,TOT,5,Q,2013-Q3,2496285,PSNS,,
ABS:ERP_Q(1.0.0),1,3,TOT,5,Q,2013-Q4,2502188,PSNS,,
ABS:ERP_Q(1.0.0),1,3,TOT,5,Q,2014-Q1,2512556,PSNS,,
ABS:ERP_Q(1.0.0),1,3,TOT,5,Q,2014-Q2,2517608,PSNS,,
ABS:ERP_Q(1.0.0),1,3,TOT,5,Q,2014-Q3,2524042,PSNS,,
ABS:ERP_Q(1.0.0),1,3,TOT,5,Q,2014-Q4,2528619,PSNS,,
ABS:ERP_Q(1.0.0),1,3,TOT,5,Q,2015-Q1,2536604,PSNS,,
ABS:ERP_Q(1.0.0),1,3,TOT,5,Q,2015-Q2,2540672,PSNS,,
ABS:ERP_Q(1.0.0),1,3,TOT,5,Q,2015-Q3,2545509,PSNS,,
ABS:ERP_Q(1.0.0),1,3,TOT,5,Q,2015-Q4,2547745,PSNS,,
ABS:ERP_Q(1.0.0),1,3,TOT,5,Q,2016-Q1,2554506,PSNS,,
ABS:ERP_Q(1.0.0),1,3,TOT,5,Q,2016-Q2,2555978,PSNS,,
ABS:ERP_Q(1.0.0),1,3,TOT,5,Q,2016-Q3,2564492,PSNS,,
ABS:ERP_Q(1.0.0),1,3,TOT,5,Q,2016-Q4,2569606,PSNS,,
ABS:ERP_Q(1.0.0),1,3,TOT,5,Q,2017-Q1,2579276,PSNS,,
ABS:ERP_Q(1.0.0),1,3,TOT,5,Q,2017-Q2,2585720,PSNS,,
ABS:ERP_Q(1.0.0),1,3,TOT,5,Q,2017-Q3,2594138,PSNS,,
ABS:ERP_Q(1.0.0),1,3,TOT,5,Q,2017-Q4,2599928,PSNS,,
ABS:ERP_Q(1.0.0),1,3,TOT,5,Q,2018-Q1,2610320,PSNS,,
ABS:ERP_Q(1.0.0),1,3,TOT,5,Q,2018-Q2,2617792,PSNS,,
ABS:ERP_Q(1.0.0),1,3,TOT,5,Q,2018-Q3,2628121,PSNS,,
ABS:ERP_Q(1.0.0),1,3,TOT,5,Q,2018-Q4,2636404,PSNS,,
ABS:ERP_Q(1.0.0),1,3,TOT,5,Q,2019-Q1,2649641,PSNS,,
ABS:ERP_Q(1.0.0),1,3,TOT,5,Q,2019-Q2,2659625,PSNS,,
ABS:ERP_Q(1.0.0),1,3,TOT,5,Q,2019-Q3,2674246,PSNS,,
ABS:ERP_Q(1.0.0),1,3,TOT,5,Q,2019-Q4,2688799,PSNS,,
ABS:ERP_Q(1.0.0),1,3,TOT,5,Q,2020-Q1,2706350,PSNS,,
ABS:ERP_Q(1.0.0),1,3,TOT,5,Q,2020-Q2,2712912,PSNS,,
ABS:ERP_Q(1.0.0),1,3,TOT,5,Q,2020-Q3,2720001,PSNS,,
ABS:ERP_Q(1.0.0),1,3,TOT,5,Q,2020-Q4,2728187,PSNS,,
ABS:ERP_Q(1.0.0),1,3,TOT,5,Q,2021-Q1,2739105,PSNS,,
ABS:ERP_Q(1.0.0),1,3,TOT,5,Q,2021-Q2,2749365,PSNS,,
ABS:ERP_Q(1.0.0),1,3,TOT,5,Q,2021-Q3,2755583,PSNS,,
ABS:ERP_Q(1.0.0),1,3,TOT,5,Q,2021-Q4,2763240,PSNS,,
ABS:ERP_Q(1.0.0),1,3,TOT,5,Q,2022-Q1,2778421,PSNS,,
ABS:ERP_Q(1.0.0),1,3,TOT,5,Q,2022-Q2,2793934,PSNS,,
ABS:ERP_Q(1.0.0),1,3,TOT,5,Q,2022-Q3,2815907,PSNS,,
ABS:ERP_Q(1.0.0),1,3,TOT,5,Q,2022-Q4,2839523,PSNS,,
ABS:ERP_Q(1.0.0),1,3,TOT,5,Q,2023-Q1,2868478,PSNS,,
ABS:ERP_Q(1.0.0),1,3,TOT,5,Q,2023-Q2,2890936,PSNS,,
ABS:ERP_Q(1.0.0),1,3,TOT,5,Q,2023-Q3,2916222,PSNS,,
ABS:ERP_Q(1.0.0),1,3,TOT,5,Q,2023-Q4,2937647,PSNS,,
ABS:ERP_Q(1.0.0),1,3,TOT,5,Q,2024-Q1,2962651,PSNS,,
ABS:ERP_Q(1.0.0),1,3,TOT,5,Q,2024-Q2,2978147,PSNS,,
ABS:ERP_Q(1.0.0),1,3,TOT,5,Q,2024-Q3,2995553,PSNS,,
ABS:ERP_Q(1.0.0),1,3,TOT,5,Q,2024-Q4,3011197,PSNS,,
ABS:ERP_Q(1.0.0),1,3,TOT,5,Q,2025-Q1,3032024,PSNS,,
ABS:ERP_Q(1.0.0),1,3,TOT,5,Q,2025-Q2,3044966,PSNS,,
ABS:ERP_Q(1.0.0),1,3,TOT,5,Q,2025-Q3,3062838,PSNS,,
ABS:ERP_Q(1.0.0),1,3,TOT,5,Q,2025-Q4,3075864,PSNS,,
ABS:ERP_Q(1.0.0),1,3,TOT,5,Q,2026-Q1,3096222,PSNS,,
ABS:ERP_Q(1.0.0),1,3,TOT,1,Q,2010-Q1,7128356,PSNS,,
ABS:ERP_Q(1.0.0),1,3,TOT,1,Q,2010-Q2,7144292,PSNS,,
ABS:ERP_Q(1.0.0),1,3,TOT,1,Q,2010-Q3,7162726,PSNS,,
ABS:ERP_Q(1.0.0),1,3,TOT,1,Q,2010-Q4,7179891,PSNS,,
ABS:ERP_Q(1.0.0),1,3,TOT,1,Q,2011-Q1,7204737,PSNS,,
ABS:ERP_Q(1.0.0),1,3,TOT,1,Q,2011-Q2,7218529,PSNS,,
ABS:ERP_Q(1.0.0),1,3,TOT,1,Q,2011-Q3,7239528,PSNS,,
ABS:ERP_Q(1.0.0),1,3,TOT,1,Q,2011-Q4,7258722,PSNS,,
ABS:ERP_Q(1.0.0),1,3,TOT,1,Q,2012-Q1,7284982,PSNS,,
ABS:ERP_Q(1.0.0),1,3,TOT,1,Q,2012-Q2,7304244,PSNS,,
ABS:ERP_Q(1.0.0),1,3,TOT,1,Q,2012-Q3,7327614,PSNS,,
ABS:ERP_Q(1.0.0),1,3,TOT,1,Q,2012-Q4,7353189,PSNS,,
ABS:ERP_Q(1.0.0),1,3,TOT,1,Q,2013-Q1,7382957,PSNS,,
ABS:ERP_Q(1.0.0),1,3,TOT,1,Q,2013-Q2,7404032,PSNS,,
ABS:ERP_Q(1.0.0),1,3,TOT,1,Q,2013-Q3,7430904,PSNS,,
ABS:ERP_Q(1.0.0),1,3,TOT,1,Q,2013-Q4,7454938,PSNS,,
ABS:ERP_Q(1.0.0),1,3,TOT,1,Q,2014-Q1,7487834,PSNS,,
ABS:ERP_Q(1.0.0),1,3,TOT,1,Q,2014-Q2,7508353,PSNS,,
ABS:ERP_Q(1.0.0),1,3,TOT,1,Q,2014-Q3,7536277,PSNS,,
ABS:ERP_Q(1.0.0),1,3,TOT,1,Q,2014-Q4,7562171,PSNS,,
ABS:ERP_Q(1.0.0),1,3,TOT,1,Q,2015-Q1,7595731,PSNS,,
ABS:ERP_Q(1.0.0),1,3,TOT,1,Q,2015-Q2,7616168,PSNS,,
ABS:ERP_Q(1.0.0),1,3,TOT,1,Q,2015-Q3,7645324,PSNS,,
ABS:ERP_Q(1.0.0),1,3,TOT,1,Q,2015-Q4,7671401,PSNS,,
ABS:ERP_Q(1.0.0),1,3,TOT,1,Q,2016-Q1,7707412,PSNS,,
ABS:ERP_Q(1.0.0),1,3,TOT,1,Q,2016-Q2,7732858,PSNS,,
ABS:ERP_Q(1.0.0),1,3,TOT,1,Q,2016-Q3,7767915,PSNS,,
ABS:ERP_Q(1.0.0),1,3,TOT,1,Q,2016-Q4,7795625,PSNS,,
ABS:ERP_Q(1.0.0),1,3,TOT,1,Q,2017-Q1,7833463,PSNS,,
ABS:ERP_Q(1.0.0),1,3,TOT,1,Q,2017-Q2,7855316,PSNS,,
ABS:ERP_Q(1.0.0),1,3,TOT,1,Q,2017-Q3,7884752,PSNS,,
ABS:ERP_Q(1.0.0),1,3,TOT,1,Q,2017-Q4,7900946,PSNS,,
ABS:ERP_Q(1.0.0),1,3,TOT,1,Q,2018-Q1,7934688,PSNS,,
ABS:ERP_Q(1.0.0),1,3,TOT,1,Q,2018-Q2,7954476,PSNS,,
ABS:ERP_Q(1.0.0),1,3,TOT,1,Q,2018-Q3,7984525,PSNS,,
ABS:ERP_Q(1.0.0),1,3,TOT,1,Q,2018-Q4,8003564,PSNS,,
ABS:ERP_Q(1.0.0),1,3,TOT,1,Q,2019-Q1,8032991,PSNS,,
ABS:ERP_Q(1.0.0),1,3,TOT,1,Q,2019-Q2,8046748,PSNS,,
ABS:ERP_Q(1.0.0),1,3,TOT,1,Q,2019-Q3,8071350,PSNS,,
ABS:ERP_Q(1.0.0),1,3,TOT,1,Q,2019-Q4,8088361,PSNS,,
ABS:ERP_Q(1.0.0),1,3,TOT,1,Q,2020-Q1,8112001,PSNS,,
ABS:ERP_Q(1.0.0),1,3,TOT,1,Q,2020-Q2,8110610,PSNS,,
ABS:ERP_Q(1.0.0),1,3,TOT,1,Q,2020-Q3,8098905,PSNS,,
ABS:ERP_Q(1.0.0),1,3,TOT,1,Q,2020-Q4,8094300,PSNS,,
ABS:ERP_Q(1.0.0),1,3,TOT,1,Q,2021-Q1,8093015,PSNS,,
ABS:ERP_Q(1.0.0),1,3,TOT,1,Q,2021-Q2,8097062,PSNS,,
ABS:ERP_Q(1.0.0),1,3,TOT,1,Q,2021-Q3,8096719,PSNS,,
ABS:ERP_Q(1.0.0),1,3,TOT,1,Q,2021-Q4,8117057,PSNS,,
ABS:ERP_Q(1.0.0),1,3,TOT,1,Q,2022-Q1,8153203,PSNS,,
ABS:ERP_Q(1.0.0),1,3,TOT,1,Q,2022-Q2,8182098,PSNS,,
ABS:ERP_Q(1.0.0),1,3,TOT,1,Q,2022-Q3,8223908,PSNS,,
ABS:ERP_Q(1.0.0),1,3,TOT,1,Q,2022-Q4,8264048,PSNS,,
ABS:ERP_Q(1.0.0),1,3,TOT,1,Q,2023-Q1,8317329,PSNS,,
ABS:ERP_Q(1.0.0),1,3,TOT,1,Q,2023-Q2,8356387,PSNS,,
ABS:ERP_Q(1.0.0),1,3,TOT,1,Q,2023-Q3,8406338,PSNS,,
ABS:ERP_Q(1.0.0),1,3,TOT,1,Q,2023-Q4,8437334,PSNS,,
ABS:ERP_Q(1.0.0),1,3,TOT,1,Q,2024-Q1,8477401,PSNS,,
ABS:ERP_Q(1.0.0),1,3,TOT,1,Q,2024-Q2,8492050,PSNS,,
ABS:ERP_Q(1.0.0),1,3,TOT,1,Q,2024-Q3,8519506,PSNS,,
ABS:ERP_Q(1.0.0),1,3,TOT,1,Q,2024-Q4,8538677,PSNS,,
ABS:ERP_Q(1.0.0),1,3,TOT,1,Q,2025-Q1,8573134,PSNS,,
ABS:ERP_Q(1.0.0),1,3,TOT,1,Q,2025-Q2,8587369,PSNS,,
ABS:ERP_Q(1.0.0),1,3,TOT,1,Q,2025-Q3,8618132,PSNS,,
ABS:ERP_Q(1.0.0),1,3,TOT,1,Q,2025-Q4,8635200,PSNS,,
ABS:ERP_Q(1.0.0),1,3,TOT,1,Q,2026-Q1,8670105,PSNS,,
ABS:ERP_Q(1.0.0),1,3,TOT,6,Q,2010-Q1,508182,PSNS,,
ABS:ERP_Q(1.0.0),1,3,TOT,6,Q,2010-Q2,508847,PSNS,,
ABS:ERP_Q(1.0.0),1,3,TOT,6,Q,2010-Q3,509481,PSNS,,
ABS:ERP_Q(1.0.0),1,3,TOT,6,Q,2010-Q4,510219,PSNS,,
ABS:ERP_Q(1.0.0),1,3,TOT,6,Q,2011-Q1,511248,PSNS,,
ABS:ERP_Q(1.0.0),1,3,TOT,6,Q,2011-Q2,511483,PSNS,,
ABS:ERP_Q(1.0.0),1,3,TOT,6,Q,2011-Q3,511880,PSNS,,
ABS:ERP_Q(1.0.0),1,3,TOT,6,Q,2011-Q4,511739,PSNS,,
ABS:ERP_Q(1.0.0),1,3,TOT,6,Q,2012-Q1,511993,PSNS,,
ABS:ERP_Q(1.0.0),1,3,TOT,6,Q,2012-Q2,511724,PSNS,,
ABS:ERP_Q(1.0.0),1,3,TOT,6,Q,2012-Q3,511582,PSNS,,
ABS:ERP_Q(1.0.0),1,3,TOT,6,Q,2012-Q4,511813,PSNS,,
ABS:ERP_Q(1.0.0),1,3,TOT,6,Q,2013-Q1,512240,PSNS,,
ABS:ERP_Q(1.0.0),1,3,TOT,6,Q,2013-Q2,512231,PSNS,,
ABS:ERP_Q(1.0.0),1,3,TOT,6,Q,2013-Q3,512510,PSNS,,
ABS:ERP_Q(1.0.0),1,3,TOT,6,Q,2013-Q4,513015,PSNS,,
ABS:ERP_Q(1.0.0),1,3,TOT,6,Q,2014-Q1,513681,PSNS,,
ABS:ERP_Q(1.0.0),1,3,TOT,6,Q,2014-Q2,513621,PSNS,,
ABS:ERP_Q(1.0.0),1,3,TOT,6,Q,2014-Q3,513898,PSNS,,
ABS:ERP_Q(1.0.0),1,3,TOT,6,Q,2014-Q4,514040,PSNS,,
ABS:ERP_Q(1.0.0),1,3,TOT,6,Q,2015-Q1,514812,PSNS,,
ABS:ERP_Q(1.0.0),1,3,TOT,6,Q,2015-Q2,515117,PSNS,,
ABS:ERP_Q(1.0.0),1,3,TOT,6,Q,2015-Q3,515697,PSNS,,
ABS:ERP_Q(1.0.0),1,3,TOT,6,Q,2015-Q4,515694,PSNS,,
ABS:ERP_Q(1.0.0),1,3,TOT,6,Q,2016-Q1,516861,PSNS,,
ABS:ERP_Q(1.0.0),1,3,TOT,6,Q,2016-Q2,517514,PSNS,,
ABS:ERP_Q(1.0.0),1,3,TOT,6,Q,2016-Q3,519606,PSNS,,
ABS:ERP_Q(1.0.0),1,3,TOT,6,Q,2016-Q4,521981,PSNS,,
ABS:ERP_Q(1.0.0),1,3,TOT,6,Q,2017-Q1,524574,PSNS,,
ABS:ERP_Q(1.0.0),1,3,TOT,6,Q,2017-Q2,526762,PSNS,,
ABS:ERP_Q(1.0.0),1,3,TOT,6,Q,2017-Q3,529350,PSNS,,
ABS:ERP_Q(1.0.0),1,3,TOT,6,Q,2017-Q4,531561,PSNS,,
ABS:ERP_Q(1.0.0),1,3,TOT,6,Q,2018-Q1,534754,PSNS,,
ABS:ERP_Q(1.0.0),1,3,TOT,6,Q,2018-Q2,537291,PSNS,,
ABS:ERP_Q(1.0.0),1,3,TOT,6,Q,2018-Q3,540241,PSNS,,
ABS:ERP_Q(1.0.0),1,3,TOT,6,Q,2018-Q4,542927,PSNS,,
ABS:ERP_Q(1.0.0),1,3,TOT,6,Q,2019-Q1,545803,PSNS,,
ABS:ERP_Q(1.0.0),1,3,TOT,6,Q,2019-Q2,547841,PSNS,,
ABS:ERP_Q(1.0.0),1,3,TOT,6,Q,2019-Q3,549947,PSNS,,
ABS:ERP_Q(1.0.0),1,3,TOT,6,Q,2019-Q4,553340,PSNS,,
ABS:ERP_Q(1.0.0),1,3,TOT,6,Q,2020-Q1,555975,PSNS,,
ABS:ERP_Q(1.0.0),1,3,TOT,6,Q,2020-Q2,557578,PSNS,,
ABS:ERP_Q(1.0.0),1,3,TOT,6,Q,2020-Q3,559427,PSNS,,
ABS:ERP_Q(1.0.0),1,3,TOT,6,Q,2020-Q4,561881,PSNS,,
ABS:ERP_Q(1.0.0),1,3,TOT,6,Q,2021-Q1,564840,PSNS,,
ABS:ERP_Q(1.0.0),1,3,TOT,6,Q,2021-Q2,567239,PSNS,,
ABS:ERP_Q(1.0.0),1,3,TOT,6,Q,2021-Q3,567829,PSNS,,
ABS:ERP_Q(1.0.0),1,3,TOT,6,Q,2021-Q4,569609,PSNS,,
ABS:ERP_Q(1.0.0),1,3,TOT,6,Q,2022-Q1,571384,PSNS,,
ABS:ERP_Q(1.0.0),1,3,TOT,6,Q,2022-Q2,572300,PSNS,,
ABS:ERP_Q(1.0.0),1,3,TOT,6,Q,2022-Q3,572790,PSNS,,
ABS:ERP_Q(1.0.0),1,3,TOT,6,Q,2022-Q4,573343,PSNS,,
ABS:ERP_Q(1.0.0),1,3,TOT,6,Q,2023-Q1,573836,PSNS,,
ABS:ERP_Q(1.0.0),1,3,TOT,6,Q,2023-Q2,573731,PSNS,,
ABS:ERP_Q(1.0.0),1,3,TOT,6,Q,2023-Q3,573819,PSNS,,
ABS:ERP_Q(1.0.0),1,3,TOT,6,Q,2023-Q4,574214,PSNS,,
ABS:ERP_Q(1.0.0),1,3,TOT,6,Q,2024-Q1,574965,PSNS,,
ABS:ERP_Q(1.0.0),1,3,TOT,6,Q,2024-Q2,574765,PSNS,,
ABS:ERP_Q(1.0.0),1,3,TOT,6,Q,2024-Q3,575372,PSNS,,
ABS:ERP_Q(1.0.0),1,3,TOT,6,Q,2024-Q4,576271,PSNS,,
ABS:ERP_Q(1.0.0),1,3,TOT,6,Q,2025-Q1,577297,PSNS,,
ABS:ERP_Q(1.0.0),1,3,TOT,6,Q,2025-Q2,577827,PSNS,,
ABS:ERP_Q(1.0.0),1,3,TOT,6,Q,2025-Q3,578439,PSNS,,
ABS:ERP_Q(1.0.0),1,3,TOT,6,Q,2025-Q4,579085,PSNS,,
ABS:ERP_Q(1.0.0),1,3,TOT,6,Q,2026-Q1,580691,PSNS,,
ABS:ERP_Q(1.0.0),1,3,TOT,7,Q,2010-Q1,228600,PSNS,,
ABS:ERP_Q(1.0.0),1,3,TOT,7,Q,2010-Q2,229778,PSNS,,
ABS:ERP_Q(1.0.0),1,3,TOT,7,Q,2010-Q3,230460,PSNS,,
ABS:ERP_Q(1.0.0),1,3,TOT,7,Q,2010-Q4,230299,PSNS,,
ABS:ERP_Q(1.0.0),1,3,TOT,7,Q,2011-Q1,230224,PSNS,,
ABS:ERP_Q(1.0.0),1,3,TOT,7,Q,2011-Q2,231292,PSNS,,
ABS:ERP_Q(1.0.0),1,3,TOT,7,Q,2011-Q3,232581,PSNS,,
ABS:ERP_Q(1.0.0),1,3,TOT,7,Q,2011-Q4,232952,PSNS,,
ABS:ERP_Q(1.0.0),1,3,TOT,7,Q,2012-Q1,234275,PSNS,,
ABS:ERP_Q(1.0.0),1,3,TOT,7,Q,2012-Q2,235915,PSNS,,
ABS:ERP_Q(1.0.0),1,3,TOT,7,Q,2012-Q3,237517,PSNS,,
ABS:ERP_Q(1.0.0),1,3,TOT,7,Q,2012-Q4,238728,PSNS,,
ABS:ERP_Q(1.0.0),1,3,TOT,7,Q,2013-Q1,240107,PSNS,,
ABS:ERP_Q(1.0.0),1,3,TOT,7,Q,2013-Q2,241722,PSNS,,
ABS:ERP_Q(1.0.0),1,3,TOT,7,Q,2013-Q3,242301,PSNS,,
ABS:ERP_Q(1.0.0),1,3,TOT,7,Q,2013-Q4,242304,PSNS,,
ABS:ERP_Q(1.0.0),1,3,TOT,7,Q,2014-Q1,242790,PSNS,,
ABS:ERP_Q(1.0.0),1,3,TOT,7,Q,2014-Q2,242894,PSNS,,
ABS:ERP_Q(1.0.0),1,3,TOT,7,Q,2014-Q3,243201,PSNS,,
ABS:ERP_Q(1.0.0),1,3,TOT,7,Q,2014-Q4,242753,PSNS,,
ABS:ERP_Q(1.0.0),1,3,TOT,7,Q,2015-Q1,243059,PSNS,,
ABS:ERP_Q(1.0.0),1,3,TOT,7,Q,2015-Q2,244692,PSNS,,
ABS:ERP_Q(1.0.0),1,3,TOT,7,Q,2015-Q3,244570,PSNS,,
ABS:ERP_Q(1.0.0),1,3,TOT,7,Q,2015-Q4,244090,PSNS,,
ABS:ERP_Q(1.0.0),1,3,TOT,7,Q,2016-Q1,244627,PSNS,,
ABS:ERP_Q(1.0.0),1,3,TOT,7,Q,2016-Q2,245678,PSNS,,
ABS:ERP_Q(1.0.0),1,3,TOT,7,Q,2016-Q3,246443,PSNS,,
ABS:ERP_Q(1.0.0),1,3,TOT,7,Q,2016-Q4,246065,PSNS,,
ABS:ERP_Q(1.0.0),1,3,TOT,7,Q,2017-Q1,246231,PSNS,,
ABS:ERP_Q(1.0.0),1,3,TOT,7,Q,2017-Q2,247412,PSNS,,
ABS:ERP_Q(1.0.0),1,3,TOT,7,Q,2017-Q3,247514,PSNS,,
ABS:ERP_Q(1.0.0),1,3,TOT,7,Q,2017-Q4,246862,PSNS,,
ABS:ERP_Q(1.0.0),1,3,TOT,7,Q,2018-Q1,246674,PSNS,,
ABS:ERP_Q(1.0.0),1,3,TOT,7,Q,2018-Q2,247095,PSNS,,
ABS:ERP_Q(1.0.0),1,3,TOT,7,Q,2018-Q3,247006,PSNS,,
ABS:ERP_Q(1.0.0),1,3,TOT,7,Q,2018-Q4,245920,PSNS,,
ABS:ERP_Q(1.0.0),1,3,TOT,7,Q,2019-Q1,246016,PSNS,,
ABS:ERP_Q(1.0.0),1,3,TOT,7,Q,2019-Q2,246559,PSNS,,
ABS:ERP_Q(1.0.0),1,3,TOT,7,Q,2019-Q3,246677,PSNS,,
ABS:ERP_Q(1.0.0),1,3,TOT,7,Q,2019-Q4,246213,PSNS,,
ABS:ERP_Q(1.0.0),1,3,TOT,7,Q,2020-Q1,246969,PSNS,,
ABS:ERP_Q(1.0.0),1,3,TOT,7,Q,2020-Q2,247428,PSNS,,
ABS:ERP_Q(1.0.0),1,3,TOT,7,Q,2020-Q3,247755,PSNS,,
ABS:ERP_Q(1.0.0),1,3,TOT,7,Q,2020-Q4,247819,PSNS,,
ABS:ERP_Q(1.0.0),1,3,TOT,7,Q,2021-Q1,248185,PSNS,,
ABS:ERP_Q(1.0.0),1,3,TOT,7,Q,2021-Q2,248151,PSNS,,
ABS:ERP_Q(1.0.0),1,3,TOT,7,Q,2021-Q3,249465,PSNS,,
ABS:ERP_Q(1.0.0),1,3,TOT,7,Q,2021-Q4,250500,PSNS,,
ABS:ERP_Q(1.0.0),1,3,TOT,7,Q,2022-Q1,252107,PSNS,,
ABS:ERP_Q(1.0.0),1,3,TOT,7,Q,2022-Q2,253100,PSNS,,
ABS:ERP_Q(1.0.0),1,3,TOT,7,Q,2022-Q3,254404,PSNS,,
ABS:ERP_Q(1.0.0),1,3,TOT,7,Q,2022-Q4,255294,PSNS,,
ABS:ERP_Q(1.0.0),1,3,TOT,7,Q,2023-Q1,256466,PSNS,,
ABS:ERP_Q(1.0.0),1,3,TOT,7,Q,2023-Q2,257508,PSNS,,
ABS:ERP_Q(1.0.0),1,3,TOT,7,Q,2023-Q3,258543,PSNS,,
ABS:ERP_Q(1.0.0),1,3,TOT,7,Q,2023-Q4,259143,PSNS,,
ABS:ERP_Q(1.0.0),1,3,TOT,7,Q,2024-Q1,259967,PSNS,,
ABS:ERP_Q(1.0.0),1,3,TOT,7,Q,2024-Q2,260884,PSNS,,
ABS:ERP_Q(1.0.0),1,3,TOT,7,Q,2024-Q3,262026,PSNS,,
ABS:ERP_Q(1.0.0),1,3,TOT,7,Q,2024-Q4,263283,PSNS,,
ABS:ERP_Q(1.0.0),1,3,TOT,7,Q,2025-Q1,264934,PSNS,,
ABS:ERP_Q(1.0.0),1,3,TOT,7,Q,2025-Q2,265978,PSNS,,
ABS:ERP_Q(1.0.0),1,3,TOT,7,Q,2025-Q3,267088,PSNS,,
ABS:ERP_Q(1.0.0),1,3,TOT,7,Q,2025-Q4,267703,PSNS,,
ABS:ERP_Q(1.0.0),1,3,TOT,7,Q,2026-Q1,268899,PSNS,,
ABS:ERP_Q(1.0.0),1,3,TOT,8,Q,2010-Q1,360361,PSNS,,
ABS:ERP_Q(1.0.0),1,3,TOT,8,Q,2010-Q2,361766,PSNS,,
ABS:ERP_Q(1.0.0),1,3,TOT,8,Q,2010-Q3,362838,PSNS,,
ABS:ERP_Q(1.0.0),1,3,TOT,8,Q,2010-Q4,364833,PSNS,,
ABS:ERP_Q(1.0.0),1,3,TOT,8,Q,2011-Q1,366737,PSNS,,
ABS:ERP_Q(1.0.0),1,3,TOT,8,Q,2011-Q2,367985,PSNS,,
ABS:ERP_Q(1.0.0),1,3,TOT,8,Q,2011-Q3,369888,PSNS,,
ABS:ERP_Q(1.0.0),1,3,TOT,8,Q,2011-Q4,372070,PSNS,,
ABS:ERP_Q(1.0.0),1,3,TOT,8,Q,2012-Q1,374853,PSNS,,
ABS:ERP_Q(1.0.0),1,3,TOT,8,Q,2012-Q2,376539,PSNS,,
ABS:ERP_Q(1.0.0),1,3,TOT,8,Q,2012-Q3,378586,PSNS,,
ABS:ERP_Q(1.0.0),1,3,TOT,8,Q,2012-Q4,379812,PSNS,,
ABS:ERP_Q(1.0.0),1,3,TOT,8,Q,2013-Q1,382082,PSNS,,
ABS:ERP_Q(1.0.0),1,3,TOT,8,Q,2013-Q2,383257,PSNS,,
ABS:ERP_Q(1.0.0),1,3,TOT,8,Q,2013-Q3,384690,PSNS,,
ABS:ERP_Q(1.0.0),1,3,TOT,8,Q,2013-Q4,386318,PSNS,,
ABS:ERP_Q(1.0.0),1,3,TOT,8,Q,2014-Q1,388190,PSNS,,
ABS:ERP_Q(1.0.0),1,3,TOT,8,Q,2014-Q2,388799,PSNS,,
ABS:ERP_Q(1.0.0),1,3,TOT,8,Q,2014-Q3,390654,PSNS,,
ABS:ERP_Q(1.0.0),1,3,TOT,8,Q,2014-Q4,391981,PSNS,,
ABS:ERP_Q(1.0.0),1,3,TOT,8,Q,2015-Q1,394491,PSNS,,
ABS:ERP_Q(1.0.0),1,3,TOT,8,Q,2015-Q2,395813,PSNS,,
ABS:ERP_Q(1.0.0),1,3,TOT,8,Q,2015-Q3,397540,PSNS,,
ABS:ERP_Q(1.0.0),1,3,TOT,8,Q,2015-Q4,398874,PSNS,,
ABS:ERP_Q(1.0.0),1,3,TOT,8,Q,2016-Q1,401673,PSNS,,
ABS:ERP_Q(1.0.0),1,3,TOT,8,Q,2016-Q2,403104,PSNS,,
ABS:ERP_Q(1.0.0),1,3,TOT,8,Q,2016-Q3,406040,PSNS,,
ABS:ERP_Q(1.0.0),1,3,TOT,8,Q,2016-Q4,408878,PSNS,,
ABS:ERP_Q(1.0.0),1,3,TOT,8,Q,2017-Q1,413017,PSNS,,
ABS:ERP_Q(1.0.0),1,3,TOT,8,Q,2017-Q2,415046,PSNS,,
ABS:ERP_Q(1.0.0),1,3,TOT,8,Q,2017-Q3,417964,PSNS,,
ABS:ERP_Q(1.0.0),1,3,TOT,8,Q,2017-Q4,420226,PSNS,,
ABS:ERP_Q(1.0.0),1,3,TOT,8,Q,2018-Q1,423810,PSNS,,
ABS:ERP_Q(1.0.0),1,3,TOT,8,Q,2018-Q2,426081,PSNS,,
ABS:ERP_Q(1.0.0),1,3,TOT,8,Q,2018-Q3,428417,PSNS,,
ABS:ERP_Q(1.0.0),1,3,TOT,8,Q,2018-Q4,430758,PSNS,,
ABS:ERP_Q(1.0.0),1,3,TOT,8,Q,2019-Q1,433801,PSNS,,
ABS:ERP_Q(1.0.0),1,3,TOT,8,Q,2019-Q2,435730,PSNS,,
ABS:ERP_Q(1.0.0),1,3,TOT,8,Q,2019-Q3,438633,PSNS,,
ABS:ERP_Q(1.0.0),1,3,TOT,8,Q,2019-Q4,440267,PSNS,,
ABS:ERP_Q(1.0.0),1,3,TOT,8,Q,2020-Q1,443035,PSNS,,
ABS:ERP_Q(1.0.0),1,3,TOT,8,Q,2020-Q2,444903,PSNS,,
ABS:ERP_Q(1.0.0),1,3,TOT,8,Q,2020-Q3,445749,PSNS,,
ABS:ERP_Q(1.0.0),1,3,TOT,8,Q,2020-Q4,447650,PSNS,,
ABS:ERP_Q(1.0.0),1,3,TOT,8,Q,2021-Q1,449573,PSNS,,
ABS:ERP_Q(1.0.0),1,3,TOT,8,Q,2021-Q2,452508,PSNS,,
ABS:ERP_Q(1.0.0),1,3,TOT,8,Q,2021-Q3,453398,PSNS,,
ABS:ERP_Q(1.0.0),1,3,TOT,8,Q,2021-Q4,456005,PSNS,,
ABS:ERP_Q(1.0.0),1,3,TOT,8,Q,2022-Q1,459556,PSNS,,
ABS:ERP_Q(1.0.0),1,3,TOT,8,Q,2022-Q2,461262,PSNS,,
ABS:ERP_Q(1.0.0),1,3,TOT,8,Q,2022-Q3,464015,PSNS,,
ABS:ERP_Q(1.0.0),1,3,TOT,8,Q,2022-Q4,465873,PSNS,,
ABS:ERP_Q(1.0.0),1,3,TOT,8,Q,2023-Q1,469185,PSNS,,
ABS:ERP_Q(1.0.0),1,3,TOT,8,Q,2023-Q2,471340,PSNS,,
ABS:ERP_Q(1.0.0),1,3,TOT,8,Q,2023-Q3,473817,PSNS,,
ABS:ERP_Q(1.0.0),1,3,TOT,8,Q,2023-Q4,474862,PSNS,,
ABS:ERP_Q(1.0.0),1,3,TOT,8,Q,2024-Q1,477529,PSNS,,
ABS:ERP_Q(1.0.0),1,3,TOT,8,Q,2024-Q2,478430,PSNS,,
ABS:ERP_Q(1.0.0),1,3,TOT,8,Q,2024-Q3,479873,PSNS,,
ABS:ERP_Q(1.0.0),1,3,TOT,8,Q,2024-Q4,481258,PSNS,,
ABS:ERP_Q(1.0.0),1,3,TOT,8,Q,2025-Q1,483462,PSNS,,
ABS:ERP_Q(1.0.0),1,3,TOT,8,Q,2025-Q2,484681,PSNS,,
ABS:ERP_Q(1.0.0),1,3,TOT,8,Q,2025-Q3,486197,PSNS,,
ABS:ERP_Q(1.0.0),1,3,TOT,8,Q,2025-Q4,487259,PSNS,,
ABS:ERP_Q(1.0.0),1,3,TOT,8,Q,2026-Q1,489668,PSNS,,
ABS:ERP_Q(1.0.0),1,3,TOT,3,Q,2010-Q1,4387801,PSNS,,
ABS:ERP_Q(1.0.0),1,3,TOT,3,Q,2010-Q2,4404744,PSNS,,
ABS:ERP_Q(1.0.0),1,3,TOT,3,Q,2010-Q3,4421470,PSNS,,
ABS:ERP_Q(1.0.0),1,3,TOT,3,Q,2010-Q4,4436882,PSNS,,
ABS:ERP_Q(1.0.0),1,3,TOT,3,Q,2011-Q1,4457971,PSNS,,
ABS:ERP_Q(1.0.0),1,3,TOT,3,Q,2011-Q2,4476778,PSNS,,
ABS:ERP_Q(1.0.0),1,3,TOT,3,Q,2011-Q3,4498104,PSNS,,
ABS:ERP_Q(1.0.0),1,3,TOT,3,Q,2011-Q4,4518649,PSNS,,
ABS:ERP_Q(1.0.0),1,3,TOT,3,Q,2012-Q1,4545613,PSNS,,
ABS:ERP_Q(1.0.0),1,3,TOT,3,Q,2012-Q2,4568687,PSNS,,
ABS:ERP_Q(1.0.0),1,3,TOT,3,Q,2012-Q3,4592100,PSNS,,
ABS:ERP_Q(1.0.0),1,3,TOT,3,Q,2012-Q4,4611304,PSNS,,
ABS:ERP_Q(1.0.0),1,3,TOT,3,Q,2013-Q1,4634430,PSNS,,
ABS:ERP_Q(1.0.0),1,3,TOT,3,Q,2013-Q2,4652824,PSNS,,
ABS:ERP_Q(1.0.0),1,3,TOT,3,Q,2013-Q3,4670784,PSNS,,
ABS:ERP_Q(1.0.0),1,3,TOT,3,Q,2013-Q4,4685439,PSNS,,
ABS:ERP_Q(1.0.0),1,3,TOT,3,Q,2014-Q1,4705187,PSNS,,
ABS:ERP_Q(1.0.0),1,3,TOT,3,Q,2014-Q2,4719653,PSNS,,
ABS:ERP_Q(1.0.0),1,3,TOT,3,Q,2014-Q3,4734613,PSNS,,
ABS:ERP_Q(1.0.0),1,3,TOT,3,Q,2014-Q4,4747263,PSNS,,
ABS:ERP_Q(1.0.0),1,3,TOT,3,Q,2015-Q1,4764439,PSNS,,
ABS:ERP_Q(1.0.0),1,3,TOT,3,Q,2015-Q2,4777692,PSNS,,
ABS:ERP_Q(1.0.0),1,3,TOT,3,Q,2015-Q3,4791520,PSNS,,
ABS:ERP_Q(1.0.0),1,3,TOT,3,Q,2015-Q4,4804933,PSNS,,
ABS:ERP_Q(1.0.0),1,3,TOT,3,Q,2016-Q1,4826538,PSNS,,
ABS:ERP_Q(1.0.0),1,3,TOT,3,Q,2016-Q2,4845152,PSNS,,
ABS:ERP_Q(1.0.0),1,3,TOT,3,Q,2016-Q3,4865303,PSNS,,
ABS:ERP_Q(1.0.0),1,3,TOT,3,Q,2016-Q4,4882939,PSNS,,
ABS:ERP_Q(1.0.0),1,3,TOT,3,Q,2017-Q1,4906370,PSNS,,
ABS:ERP_Q(1.0.0),1,3,TOT,3,Q,2017-Q2,4926380,PSNS,,
ABS:ERP_Q(1.0.0),1,3,TOT,3,Q,2017-Q3,4945129,PSNS,,
ABS:ERP_Q(1.0.0),1,3,TOT,3,Q,2017-Q4,4960965,PSNS,,
ABS:ERP_Q(1.0.0),1,3,TOT,3,Q,2018-Q1,4985955,PSNS,,
ABS:ERP_Q(1.0.0),1,3,TOT,3,Q,2018-Q2,5006623,PSNS,,
ABS:ERP_Q(1.0.0),1,3,TOT,3,Q,2018-Q3,5027543,PSNS,,
ABS:ERP_Q(1.0.0),1,3,TOT,3,Q,2018-Q4,5046434,PSNS,,
ABS:ERP_Q(1.0.0),1,3,TOT,3,Q,2019-Q1,5070306,PSNS,,
ABS:ERP_Q(1.0.0),1,3,TOT,3,Q,2019-Q2,5088847,PSNS,,
ABS:ERP_Q(1.0.0),1,3,TOT,3,Q,2019-Q3,5110540,PSNS,,
ABS:ERP_Q(1.0.0),1,3,TOT,3,Q,2019-Q4,5129741,PSNS,,
ABS:ERP_Q(1.0.0),1,3,TOT,3,Q,2020-Q1,5154305,PSNS,,
ABS:ERP_Q(1.0.0),1,3,TOT,3,Q,2020-Q2,5165613,PSNS,,
ABS:ERP_Q(1.0.0),1,3,TOT,3,Q,2020-Q3,5173071,PSNS,,
ABS:ERP_Q(1.0.0),1,3,TOT,3,Q,2020-Q4,5184329,PSNS,,
ABS:ERP_Q(1.0.0),1,3,TOT,3,Q,2021-Q1,5199548,PSNS,,
ABS:ERP_Q(1.0.0),1,3,TOT,3,Q,2021-Q2,5215814,PSNS,,
ABS:ERP_Q(1.0.0),1,3,TOT,3,Q,2021-Q3,5230029,PSNS,,
ABS:ERP_Q(1.0.0),1,3,TOT,3,Q,2021-Q4,5249672,PSNS,,
ABS:ERP_Q(1.0.0),1,3,TOT,3,Q,2022-Q1,5283479,PSNS,,
ABS:ERP_Q(1.0.0),1,3,TOT,3,Q,2022-Q2,5310905,PSNS,,
ABS:ERP_Q(1.0.0),1,3,TOT,3,Q,2022-Q3,5342317,PSNS,,
ABS:ERP_Q(1.0.0),1,3,TOT,3,Q,2022-Q4,5376678,PSNS,,
ABS:ERP_Q(1.0.0),1,3,TOT,3,Q,2023-Q1,5415786,PSNS,,
ABS:ERP_Q(1.0.0),1,3,TOT,3,Q,2023-Q2,5450235,PSNS,,
ABS:ERP_Q(1.0.0),1,3,TOT,3,Q,2023-Q3,5485974,PSNS,,
ABS:ERP_Q(1.0.0),1,3,TOT,3,Q,2023-Q4,5516476,PSNS,,
ABS:ERP_Q(1.0.0),1,3,TOT,3,Q,2024-Q1,5548832,PSNS,,
ABS:ERP_Q(1.0.0),1,3,TOT,3,Q,2024-Q2,5571890,PSNS,,
ABS:ERP_Q(1.0.0),1,3,TOT,3,Q,2024-Q3,5595566,PSNS,,
ABS:ERP_Q(1.0.0),1,3,TOT,3,Q,2024-Q4,5620399,PSNS,,
ABS:ERP_Q(1.0.0),1,3,TOT,3,Q,2025-Q1,5649383,PSNS,,
ABS:ERP_Q(1.0.0),1,3,TOT,3,Q,2025-Q2,5670203,PSNS,,
ABS:ERP_Q(1.0.0),1,3,TOT,3,Q,2025-Q3,5693246,PSNS,,
ABS:ERP_Q(1.0.0),1,3,TOT,3,Q,2025-Q4,5713326,PSNS,,
ABS:ERP_Q(1.0.0),1,3,TOT,3,Q,2026-Q1,5739461,PSNS,,
