DATAFLOW,MEASURE,SECTOR,INDUSTRY,TSEST,REGION,FREQ,TIME_PERIOD,OBS_VALUE,UNIT_MEASURE,UNIT_MULT,OBS_STATUS,OBS_COMMENT,DECIMALS
ABS:JV(1.0),M1,7,TOT,10,8,Q,2019-Q1,6.6,NUM,3,,,1
ABS:JV(1.0),M1,7,TOT,10,8,Q,2019-Q2,6.7,NUM,3,,,1
ABS:JV(1.0),M1,7,TOT,10,8,Q,2019-Q3,7.6,NUM,3,,,1
ABS:JV(1.0),M1,7,TOT,10,8,Q,2019-Q4,7.7,NUM,3,,,1
ABS:JV(1.0),M1,7,TOT,10,8,Q,2020-Q1,6.6,NUM,3,,,1
ABS:JV(1.0),M1,7,TOT,10,8,Q,2020-Q2,3.6,NUM,3,,,1
ABS:JV(1.0),M1,7,TOT,10,8,Q,2020-Q3,5.6,NUM,3,,,1
ABS:JV(1.0),M1,7,TOT,10,8,Q,2020-Q4,7.9,NUM,3,,,1
ABS:JV(1.0),M1,7,TOT,10,8,Q,2021-Q1,8.2,NUM,3,,,1
ABS:JV(1.0),M1,7,TOT,10,8,Q,2021-Q2,8.8,NUM,3,,,1
ABS:JV(1.0),M1,7,TOT,10,8,Q,2021-Q3,8,NUM,3,,,1
ABS:JV(1.0),M1,7,TOT,10,8,Q,2021-Q4,9.9,NUM,3,,,1
ABS:JV(1.0),M1,7,TOT,10,8,Q,2022-Q1,11.5,NUM,3,,,1
ABS:JV(1.0),M1,7,TOT,10,8,Q,2022-Q2,12.3,NUM,3,,,1
ABS:JV(1.0),M1,7,TOT,10,8,Q,2022-Q3,12,NUM,3,,,1
ABS:JV(1.0),M1,7,TOT,10,8,Q,2022-Q4,12.2,NUM,3,,,1
ABS:JV(1.0),M1,7,TOT,10,8,Q,2023-Q1,11.5,NUM,3,,,1
ABS:JV(1.0),M1,7,TOT,10,8,Q,2023-Q2,11.4,NUM,3,,,1
ABS:JV(1.0),M1,7,TOT,10,8,Q,2023-Q3,10.4,NUM,3,,,1
ABS:JV(1.0),M1,7,TOT,10,8,Q,2023-Q4,8.6,NUM,3,,,1
ABS:JV(1.0),M1,7,TOT,10,8,Q,2024-Q1,8.7,NUM,3,,,1
ABS:JV(1.0),M1,7,TOT,10,8,Q,2024-Q2,8.3,NUM,3,,,1
ABS:JV(1.0),M1,7,TOT,10,8,Q,2024-Q3,7.9,NUM,3,,,1
ABS:JV(1.0),M1,7,TOT,10,8,Q,2024-Q4,9,NUM,3,,,1
ABS:JV(1.0),M1,7,TOT,10,8,Q,2025-Q1,7.4,NUM,3,,,1
ABS:JV(1.0),M1,7,TOT,10,8,Q,2025-Q2,8.3,NUM,3,,,1
ABS:JV(1.0),M1,7,TOT,10,8,Q,2025-Q3,7.8,NUM,3,,,1
ABS:JV(1.0),M1,7,TOT,10,8,Q,2025-Q4,8.1,NUM,3,,,1
ABS:JV(1.0),M1,7,TOT,10,8,Q,2026-Q1,8.1,NUM,3,,,1
ABS:JV(1.0),M1,7,TOT,10,8,Q,2026-Q2,7.8,NUM,3,,,1
ABS:JV(1.0),M1,7,TOT,10,8,Q,2026-Q3,6.1,NUM,3,,,1
ABS:JV(1.0),M1,7,TOT,10,1,Q,2019-Q1,84,NUM,3,,,1
ABS:JV(1.0),M1,7,TOT,10,1,Q,2019-Q2,77.2,NUM,3,,,1
ABS:JV(1.0),M1,7,TOT,10,1,Q,2019-Q3,72.8,NUM,3,,,1
ABS:JV(1.0),M1,7,TOT,10,1,Q,2019-Q4,80.2,NUM,3,,,1
ABS:JV(1.0),M1,7,TOT,10,1,Q,2020-Q1,79.3,NUM,3,,,1
ABS:JV(1.0),M1,7,TOT,10,1,Q,2020-Q2,39.8,NUM,3,,,1
ABS:JV(1.0),M1,7,TOT,10,1,Q,2020-Q3,62.2,NUM,3,,,1
ABS:JV(1.0),M1,7,TOT,10,1,Q,2020-Q4,82.7,NUM,3,,,1
ABS:JV(1.0),M1,7,TOT,10,1,Q,2021-Q1,94,NUM,3,,,1
ABS:JV(1.0),M1,7,TOT,10,1,Q,2021-Q2,112.8,NUM,3,,,1
ABS:JV(1.0),M1,7,TOT,10,1,Q,2021-Q3,95.2,NUM,3,,,1
ABS:JV(1.0),M1,7,TOT,10,1,Q,2021-Q4,120.9,NUM,3,,,1
ABS:JV(1.0),M1,7,TOT,10,1,Q,2022-Q1,130,NUM,3,,,1
ABS:JV(1.0),M1,7,TOT,10,1,Q,2022-Q2,145.1,NUM,3,,,1
ABS:JV(1.0),M1,7,TOT,10,1,Q,2022-Q3,150.8,NUM,3,,,1
ABS:JV(1.0),M1,7,TOT,10,1,Q,2022-Q4,133,NUM,3,,,1
ABS:JV(1.0),M1,7,TOT,10,1,Q,2023-Q1,145,NUM,3,,,1
ABS:JV(1.0),M1,7,TOT,10,1,Q,2023-Q2,128.1,NUM,3,,,1
ABS:JV(1.0),M1,7,TOT,10,1,Q,2023-Q3,122.4,NUM,3,,,1
ABS:JV(1.0),M1,7,TOT,10,1,Q,2023-Q4,119.5,NUM,3,,,1
ABS:JV(1.0),M1,7,TOT,10,1,Q,2024-Q1,107.6,NUM,3,,,1
ABS:JV(1.0),M1,7,TOT,10,1,Q,2024-Q2,103.5,NUM,3,,,1
ABS:JV(1.0),M1,7,TOT,10,1,Q,2024-Q3,101.4,NUM,3,,,1
ABS:JV(1.0),M1,7,TOT,10,1,Q,2024-Q4,104.9,NUM,3,,,1
ABS:JV(1.0),M1,7,TOT,10,1,Q,2025-Q1,100.8,NUM,3,,,1
ABS:JV(1.0),M1,7,TOT,10,1,Q,2025-Q2,97.3,NUM,3,,,1
ABS:JV(1.0),M1,7,TOT,10,1,Q,2025-Q3,98.1,NUM,3,,,1
ABS:JV(1.0),M1,7,TOT,10,1,Q,2025-Q4,97.5,NUM,3,,,1
ABS:JV(1.0),M1,7,TOT,10,1,Q,2026-Q1,101.2,NUM,3,,,1
ABS:JV(1.0),M1,7,TOT,10,1,Q,2026-Q2,96.1,NUM,3,,,1
ABS:JV(1.0),M1,7,TOT,10,1,Q,2026-Q3,96.5,NUM,3,,,1
ABS:JV(1.0),M1,2,TOT,10,4,Q,2019-Q1,1.5,NUM,3,,,1
ABS:JV(1.0),M1,2,TOT,10,4,Q,2019-Q2,1.6,NUM,3,,,1
ABS:JV(1.0),M1,2,TOT,10,4,Q,2019-Q3,1.8,NUM,3,,,1
ABS:JV(1.0),M1,2,TOT,10,4,Q,2019-Q4,1.9,NUM,3,,,1
ABS:JV(1.0),M1,2,TOT,10,4,Q,2020-Q1,1.7,NUM,3,,,1
ABS:JV(1.0),M1,2,TOT,10,4,Q,2020-Q2,1.6,NUM,3,,,1
ABS:JV(1.0),M1,2,TOT,10,4,Q,2020-Q3,1.8,NUM,3,,,1
ABS:JV(1.0),M1,2,TOT,10,4,Q,2020-Q4,2.2,NUM,3,,,1
ABS:JV(1.0),M1,2,TOT,10,4,Q,2021-Q1,2,NUM,3,,,1
ABS:JV(1.0),M1,2,TOT,10,4,Q,2021-Q2,2.6,NUM,3,,,1
ABS:JV(1.0),M1,2,TOT,10,4,Q,2021-Q3,2.4,NUM,3,,,1
ABS:JV(1.0),M1,2,TOT,10,4,Q,2021-Q4,2.9,NUM,3,,,1
ABS:JV(1.0),M1,2,TOT,10,4,Q,2022-Q1,2.6,NUM,3,,,1
ABS:JV(1.0),M1,2,TOT,10,4,Q,2022-Q2,2.5,NUM,3,,,1
ABS:JV(1.0),M1,2,TOT,10,4,Q,2022-Q3,2.8,NUM,3,,,1
ABS:JV(1.0),M1,2,TOT,10,4,Q,2022-Q4,3,NUM,3,,,1
ABS:JV(1.0),M1,2,TOT,10,4,Q,2023-Q1,3.1,NUM,3,,,1
ABS:JV(1.0),M1,2,TOT,10,4,Q,2023-Q2,3.3,NUM,3,,,1
ABS:JV(1.0),M1,2,TOT,10,4,Q,2023-Q3,3.1,NUM,3,,,1
ABS:JV(1.0),M1,2,TOT,10,4,Q,2023-Q4,3.2,NUM,3,,,1
ABS:JV(1.0),M1,2,TOT,10,4,Q,2024-Q1,2.7,NUM,3,,,1
ABS:JV(1.0),M1,2,TOT,10,4,Q,2024-Q2,2.9,NUM,3,,,1
ABS:JV(1.0),M1,2,TOT,10,4,Q,2024-Q3,3.2,NUM,3,,,1
ABS:JV(1.0),M1,2,TOT,10,4,Q,2024-Q4,2.8,NUM,3,,,1
ABS:JV(1.0),M1,2,TOT,10,4,Q,2025-Q1,2.8,NUM,3,,,1
ABS:JV(1.0),M1,2,TOT,10,4,Q,2025-Q2,3.3,NUM,3,,,1
ABS:JV(1.0),M1,2,TOT,10,4,Q,2025-Q3,3.3,NUM,3,,,1
ABS:JV(1.0),M1,2,TOT,10,4,Q,2025-Q4,3.4,NUM,3,,,1
ABS:JV(1.0),M1,2,TOT,10,4,Q,2026-Q1,3.5,NUM,3,,,1
ABS:JV(1.0),M1,2,TOT,10,4,Q,2026-Q2,3,NUM,3,,,1
ABS:JV(1.0),M1,2,TOT,10,4,Q,2026-Q3,3.4,NUM,3,,,1
ABS:JV(1.0),M1,2,TOT,10,5,Q,2019-Q1,1.6,NUM,3,,,1
ABS:JV(1.0),M1,2,TOT,10,5,Q,2019-Q2,1.5,NUM,3,,,1
ABS:JV(1.0),M1,2,TOT,10,5,Q,2019-Q3,2,NUM,3,,,1
ABS:JV(1.0),M1,2,TOT,10,5,Q,2019-Q4,2.2,NUM,3,,,1
ABS:JV(1.0),M1,2,TOT,10,5,Q,2020-Q1,2.2,NUM,3,,,1
ABS:JV(1.0),M1,2,TOT,10,5,Q,2020-Q2,1.4,NUM,3,y,,1
ABS:JV(1.0),M1,2,TOT,10,5,Q,2020-Q3,2,NUM,3,,,1
ABS:JV(1.0),M1,2,TOT,10,5,Q,2020-Q4,2.4,NUM,3,,,1
ABS:JV(1.0),M1,2,TOT,10,5,Q,2021-Q1,3.2,NUM,3,,,1
ABS:JV(1.0),M1,2,TOT,10,5,Q,2021-Q2,2.9,NUM,3,,,1
ABS:JV(1.0),M1,2,TOT,10,5,Q,2021-Q3,3.5,NUM,3,,,1
ABS:JV(1.0),M1,2,TOT,10,5,Q,2021-Q4,3.9,NUM,3,,,1
ABS:JV(1.0),M1,2,TOT,10,5,Q,2022-Q1,3.9,NUM,3,,,1
ABS:JV(1.0),M1,2,TOT,10,5,Q,2022-Q2,4.3,NUM,3,,,1
ABS:JV(1.0),M1,2,TOT,10,5,Q,2022-Q3,4.1,NUM,3,,,1
ABS:JV(1.0),M1,2,TOT,10,5,Q,2022-Q4,4.6,NUM,3,,,1
ABS:JV(1.0),M1,2,TOT,10,5,Q,2023-Q1,3.5,NUM,3,,,1
ABS:JV(1.0),M1,2,TOT,10,5,Q,2023-Q2,4,NUM,3,,,1
ABS:JV(1.0),M1,2,TOT,10,5,Q,2023-Q3,4.2,NUM,3,,,1
ABS:JV(1.0),M1,2,TOT,10,5,Q,2023-Q4,4.1,NUM,3,,,1
ABS:JV(1.0),M1,2,TOT,10,5,Q,2024-Q1,3.3,NUM,3,,,1
ABS:JV(1.0),M1,2,TOT,10,5,Q,2024-Q2,3.6,NUM,3,,,1
ABS:JV(1.0),M1,2,TOT,10,5,Q,2024-Q3,3.2,NUM,3,,,1
ABS:JV(1.0),M1,2,TOT,10,5,Q,2024-Q4,2.6,NUM,3,,,1
ABS:JV(1.0),M1,2,TOT,10,5,Q,2025-Q1,2.5,NUM,3,,,1
ABS:JV(1.0),M1,2,TOT,10,5,Q,2025-Q2,2.5,NUM,3,,,1
ABS:JV(1.0),M1,2,TOT,10,5,Q,2025-Q3,2.2,NUM,3,,,1
ABS:JV(1.0),M1,2,TOT,10,5,Q,2025-Q4,2.3,NUM,3,,,1
ABS:JV(1.0),M1,2,TOT,10,5,Q,2026-Q1,2.6,NUM,3,,,1
ABS:JV(1.0),M1,2,TOT,10,5,Q,2026-Q2,2.2,NUM,3,,,1
ABS:JV(1.0),M1,2,TOT,10,5,Q,2026-Q3,2.4,NUM,3,,,1
ABS:JV(1.0),M1,1,TOT,10,5,Q,2019-Q1,25.8,NUM,3,,,1
ABS:JV(1.0),M1,1,TOT,10,5,Q,2019-Q2,21.7,NUM,3,,,1
ABS:JV(1.0),M1,1,TOT,10,5,Q,2019-Q3,24.5,NUM,3,,,1
ABS:JV(1.0),M1,1,TOT,10,5,Q,2019-Q4,23.5,NUM,3,,,1
ABS:JV(1.0),M1,1,TOT,10,5,Q,2020-Q1,25.4,NUM,3,,,1
ABS:JV(1.0),M1,1,TOT,10,5,Q,2020-Q2,15.4,NUM,3,,,1
ABS:JV(1.0),M1,1,TOT,10,5,Q,2020-Q3,30.2,NUM,3,,,1
ABS:JV(1.0),M1,1,TOT,10,5,Q,2020-Q4,35,NUM,3,,,1
ABS:JV(1.0),M1,1,TOT,10,5,Q,2021-Q1,36.8,NUM,3,,,1
ABS:JV(1.0),M1,1,TOT,10,5,Q,2021-Q2,43.3,NUM,3,,,1
ABS:JV(1.0),M1,1,TOT,10,5,Q,2021-Q3,48.5,NUM,3,,,1
ABS:JV(1.0),M1,1,TOT,10,5,Q,2021-Q4,57,NUM,3,,,1
ABS:JV(1.0),M1,1,TOT,10,5,Q,2022-Q1,62.6,NUM,3,,,1
ABS:JV(1.0),M1,1,TOT,10,5,Q,2022-Q2,60.9,NUM,3,,,1
ABS:JV(1.0),M1,1,TOT,10,5,Q,2022-Q3,56.6,NUM,3,,,1
ABS:JV(1.0),M1,1,TOT,10,5,Q,2022-Q4,57.3,NUM,3,,,1
ABS:JV(1.0),M1,1,TOT,10,5,Q,2023-Q1,49.3,NUM,3,,,1
ABS:JV(1.0),M1,1,TOT,10,5,Q,2023-Q2,50.9,NUM,3,,,1
ABS:JV(1.0),M1,1,TOT,10,5,Q,2023-Q3,48.3,NUM,3,,,1
ABS:JV(1.0),M1,1,TOT,10,5,Q,2023-Q4,45.4,NUM,3,,,1
ABS:JV(1.0),M1,1,TOT,10,5,Q,2024-Q1,44.6,NUM,3,,,1
ABS:JV(1.0),M1,1,TOT,10,5,Q,2024-Q2,38.4,NUM,3,,,1
ABS:JV(1.0),M1,1,TOT,10,5,Q,2024-Q3,38.3,NUM,3,,,1
ABS:JV(1.0),M1,1,TOT,10,5,Q,2024-Q4,38.9,NUM,3,,,1
ABS:JV(1.0),M1,1,TOT,10,5,Q,2025-Q1,40.6,NUM,3,,,1
ABS:JV(1.0),M1,1,TOT,10,5,Q,2025-Q2,37.9,NUM,3,,,1
ABS:JV(1.0),M1,1,TOT,10,5,Q,2025-Q3,38.4,NUM,3,,,1
ABS:JV(1.0),M1,1,TOT,10,5,Q,2025-Q4,40.9,NUM,3,,,1
ABS:JV(1.0),M1,1,TOT,10,5,Q,2026-Q1,42.5,NUM,3,,,1
ABS:JV(1.0),M1,1,TOT,10,5,Q,2026-Q2,40.9,NUM,3,,,1
ABS:JV(1.0),M1,1,TOT,10,5,Q,2026-Q3,38.5,NUM,3,,,1
ABS:JV(1.0),M1,2,TOT,10,7,Q,2019-Q1,0.5,NUM,3,,,1
ABS:JV(1.0),M1,2,TOT,10,7,Q,2019-Q2,0.6,NUM,3,,,1
ABS:JV(1.0),M1,2,TOT,10,7,Q,2019-Q3,0.7,NUM,3,y,,1
ABS:JV(1.0),M1,2,TOT,10,7,Q,2019-Q4,0.5,NUM,3,,,1
ABS:JV(1.0),M1,2,TOT,10,7,Q,2020-Q1,0.8,NUM,3,,,1
ABS:JV(1.0),M1,2,TOT,10,7,Q,2020-Q2,0.5,NUM,3,,,1
ABS:JV(1.0),M1,2,TOT,10,7,Q,2020-Q3,0.6,NUM,3,y,,1
ABS:JV(1.0),M1,2,TOT,10,7,Q,2020-Q4,0.8,NUM,3,y,,1
ABS:JV(1.0),M1,2,TOT,10,7,Q,2021-Q1,1,NUM,3,y,,1
ABS:JV(1.0),M1,2,TOT,10,7,Q,2021-Q2,0.9,NUM,3,,,1
ABS:JV(1.0),M1,2,TOT,10,7,Q,2021-Q3,1.1,NUM,3,y,,1
ABS:JV(1.0),M1,2,TOT,10,7,Q,2021-Q4,1,NUM,3,,,1
ABS:JV(1.0),M1,2,TOT,10,7,Q,2022-Q1,1.3,NUM,3,,,1
ABS:JV(1.0),M1,2,TOT,10,7,Q,2022-Q2,1.5,NUM,3,,,1
ABS:JV(1.0),M1,2,TOT,10,7,Q,2022-Q3,1.3,NUM,3,,,1
ABS:JV(1.0),M1,2,TOT,10,7,Q,2022-Q4,1.3,NUM,3,y,,1
ABS:JV(1.0),M1,2,TOT,10,7,Q,2023-Q1,1.2,NUM,3,,,1
ABS:JV(1.0),M1,2,TOT,10,7,Q,2023-Q2,1.4,NUM,3,,,1
ABS:JV(1.0),M1,2,TOT,10,7,Q,2023-Q3,1.5,NUM,3,,,1
ABS:JV(1.0),M1,2,TOT,10,7,Q,2023-Q4,1.3,NUM,3,,,1
ABS:JV(1.0),M1,2,TOT,10,7,Q,2024-Q1,1.2,NUM,3,,,1
ABS:JV(1.0),M1,2,TOT,10,7,Q,2024-Q2,1.1,NUM,3,,,1
ABS:JV(1.0),M1,2,TOT,10,7,Q,2024-Q3,1.1,NUM,3,,,1
ABS:JV(1.0),M1,2,TOT,10,7,Q,2024-Q4,0.9,NUM,3,,,1
ABS:JV(1.0),M1,2,TOT,10,7,Q,2025-Q1,1,NUM,3,,,1
ABS:JV(1.0),M1,2,TOT,10,7,Q,2025-Q2,0.9,NUM,3,,,1
ABS:JV(1.0),M1,2,TOT,10,7,Q,2025-Q3,0.8,NUM,3,,,1
ABS:JV(1.0),M1,2,TOT,10,7,Q,2025-Q4,0.8,NUM,3,,,1
ABS:JV(1.0),M1,2,TOT,10,7,Q,2026-Q1,1,NUM,3,,,1
ABS:JV(1.0),M1,2,TOT,10,7,Q,2026-Q2,0.9,NUM,3,,,1
ABS:JV(1.0),M1,2,TOT,10,7,Q,2026-Q3,0.9,NUM,3,,,1
ABS:JV(1.0),M1,1,TOT,10,6,Q,2019-Q1,2.4,NUM,3,,,1
ABS:JV(1.0),M1,1,TOT,10,6,Q,2019-Q2,2.7,NUM,3,,,1
ABS:JV(1.0),M1,1,TOT,10,6,Q,2019-Q3,3,NUM,3,,,1
ABS:JV(1.0),M1,1,TOT,10,6,Q,2019-Q4,2.9,NUM,3,,,1
ABS:JV(1.0),M1,1,TOT,10,6,Q,2020-Q1,2.9,NUM,3,,,1
ABS:JV(1.0),M1,1,TOT,10,6,Q,2020-Q2,1.6,NUM,3,y,,1
ABS:JV(1.0),M1,1,TOT,10,6,Q,2020-Q3,2.8,NUM,3,,,1
ABS:JV(1.0),M1,1,TOT,10,6,Q,2020-Q4,4.4,NUM,3,,,1
ABS:JV(1.0),M1,1,TOT,10,6,Q,2021-Q1,5.1,NUM,3,,,1
ABS:JV(1.0),M1,1,TOT,10,6,Q,2021-Q2,5.9,NUM,3,,,1
ABS:JV(1.0),M1,1,TOT,10,6,Q,2021-Q3,4.9,NUM,3,,,1
ABS:JV(1.0),M1,1,TOT,10,6,Q,2021-Q4,5.7,NUM,3,,,1
ABS:JV(1.0),M1,1,TOT,10,6,Q,2022-Q1,6.6,NUM,3,,,1
ABS:JV(1.0),M1,1,TOT,10,6,Q,2022-Q2,6.7,NUM,3,,,1
ABS:JV(1.0),M1,1,TOT,10,6,Q,2022-Q3,5.5,NUM,3,,,1
ABS:JV(1.0),M1,1,TOT,10,6,Q,2022-Q4,6.2,NUM,3,,,1
ABS:JV(1.0),M1,1,TOT,10,6,Q,2023-Q1,6.8,NUM,3,,,1
ABS:JV(1.0),M1,1,TOT,10,6,Q,2023-Q2,6.1,NUM,3,,,1
ABS:JV(1.0),M1,1,TOT,10,6,Q,2023-Q3,5.8,NUM,3,,,1
ABS:JV(1.0),M1,1,TOT,10,6,Q,2023-Q4,5.6,NUM,3,,,1
ABS:JV(1.0),M1,1,TOT,10,6,Q,2024-Q1,5.8,NUM,3,,,1
ABS:JV(1.0),M1,1,TOT,10,6,Q,2024-Q2,5.3,NUM,3,,,1
ABS:JV(1.0),M1,1,TOT,10,6,Q,2024-Q3,5.2,NUM,3,,,1
ABS:JV(1.0),M1,1,TOT,10,6,Q,2024-Q4,5.4,NUM,3,,,1
ABS:JV(1.0),M1,1,TOT,10,6,Q,2025-Q1,4.3,NUM,3,,,1
ABS:JV(1.0),M1,1,TOT,10,6,Q,2025-Q2,4.5,NUM,3,,,1
ABS:JV(1.0),M1,1,TOT,10,6,Q,2025-Q3,4.5,NUM,3,,,1
ABS:JV(1.0),M1,1,TOT,10,6,Q,2025-Q4,4.6,NUM,3,,,1
ABS:JV(1.0),M1,1,TOT,10,6,Q,2026-Q1,4.9,NUM,3,,,1
ABS:JV(1.0),M1,1,TOT,10,6,Q,2026-Q2,4.9,NUM,3,,,1
ABS:JV(1.0),M1,1,TOT,10,6,Q,2026-Q3,4.5,NUM,3,,,1
ABS:JV(1.0),M1,2,TOT,10,2,Q,2019-Q1,5.3,NUM,3,,,1
ABS:JV(1.0),M1,2,TOT,10,2,Q,2019-Q2,5.5,NUM,3,,,1
ABS:JV(1.0),M1,2,TOT,10,2,Q,2019-Q3,5.3,NUM,3,,,1
ABS:JV(1.0),M1,2,TOT,10,2,Q,2019-Q4,5.2,NUM,3,,,1
ABS:JV(1.0),M1,2,TOT,10,2,Q,2020-Q1,6,NUM,3,,,1
ABS:JV(1.0),M1,2,TOT,10,2,Q,2020-Q2,4.4,NUM,3,,,1
ABS:JV(1.0),M1,2,TOT,10,2,Q,2020-Q3,5.1,NUM,3,,,1
ABS:JV(1.0),M1,2,TOT,10,2,Q,2020-Q4,5.6,NUM,3,,,1
ABS:JV(1.0),M1,2,TOT,10,2,Q,2021-Q1,6.2,NUM,3,,,1
ABS:JV(1.0),M1,2,TOT,10,2,Q,2021-Q2,6.7,NUM,3,,,1
ABS:JV(1.0),M1,2,TOT,10,2,Q,2021-Q3,7.3,NUM,3,,,1
ABS:JV(1.0),M1,2,TOT,10,2,Q,2021-Q4,8.5,NUM,3,,,1
ABS:JV(1.0),M1,2,TOT,10,2,Q,2022-Q1,8.1,NUM,3,,,1
ABS:JV(1.0),M1,2,TOT,10,2,Q,2022-Q2,9.3,NUM,3,,,1
ABS:JV(1.0),M1,2,TOT,10,2,Q,2022-Q3,10.3,NUM,3,,,1
ABS:JV(1.0),M1,2,TOT,10,2,Q,2022-Q4,10,NUM,3,,,1
ABS:JV(1.0),M1,2,TOT,10,2,Q,2023-Q1,11.5,NUM,3,,,1
ABS:JV(1.0),M1,2,TOT,10,2,Q,2023-Q2,13.1,NUM,3,,,1
ABS:JV(1.0),M1,2,TOT,10,2,Q,2023-Q3,11.9,NUM,3,,,1
ABS:JV(1.0),M1,2,TOT,10,2,Q,2023-Q4,10.1,NUM,3,,,1
ABS:JV(1.0),M1,2,TOT,10,2,Q,2024-Q1,9.8,NUM,3,,,1
ABS:JV(1.0),M1,2,TOT,10,2,Q,2024-Q2,9.3,NUM,3,,,1
ABS:JV(1.0),M1,2,TOT,10,2,Q,2024-Q3,7.7,NUM,3,,,1
ABS:JV(1.0),M1,2,TOT,10,2,Q,2024-Q4,8.3,NUM,3,,,1
ABS:JV(1.0),M1,2,TOT,10,2,Q,2025-Q1,8.9,NUM,3,,,1
ABS:JV(1.0),M1,2,TOT,10,2,Q,2025-Q2,10,NUM,3,,,1
ABS:JV(1.0),M1,2,TOT,10,2,Q,2025-Q3,9.8,NUM,3,,,1
ABS:JV(1.0),M1,2,TOT,10,2,Q,2025-Q4,10.2,NUM,3,,,1
ABS:JV(1.0),M1,2,TOT,10,2,Q,2026-Q1,9.5,NUM,3,,,1
ABS:JV(1.0),M1,2,TOT,10,2,Q,2026-Q2,10.4,NUM,3,,,1
ABS:JV(1.0),M1,2,TOT,10,2,Q,2026-Q3,10.9,NUM,3,,,1
ABS:JV(1.0),M1,2,TOT,10,8,Q,2019-Q1,1.8,NUM,3,,,1
ABS:JV(1.0),M1,2,TOT,10,8,Q,2019-Q2,1.9,NUM,3,,,1
ABS:JV(1.0),M1,2,TOT,10,8,Q,2019-Q3,2.5,NUM,3,,,1
ABS:JV(1.0),M1,2,TOT,10,8,Q,2019-Q4,2.5,NUM,3,,,1
ABS:JV(1.0),M1,2,TOT,10,8,Q,2020-Q1,1.7,NUM,3,,,1
ABS:JV(1.0),M1,2,TOT,10,8,Q,2020-Q2,1,NUM,3,,,1
ABS:JV(1.0),M1,2,TOT,10,8,Q,2020-Q3,1.9,NUM,3,,,1
ABS:JV(1.0),M1,2,TOT,10,8,Q,2020-Q4,1.9,NUM,3,,,1
ABS:JV(1.0),M1,2,TOT,10,8,Q,2021-Q1,2.1,NUM,3,,,1
ABS:JV(1.0),M1,2,TOT,10,8,Q,2021-Q2,2.1,NUM,3,,,1
ABS:JV(1.0),M1,2,TOT,10,8,Q,2021-Q3,1.9,NUM,3,,,1
ABS:JV(1.0),M1,2,TOT,10,8,Q,2021-Q4,2.2,NUM,3,,,1
ABS:JV(1.0),M1,2,TOT,10,8,Q,2022-Q1,3,NUM,3,,,1
ABS:JV(1.0),M1,2,TOT,10,8,Q,2022-Q2,3.5,NUM,3,,,1
ABS:JV(1.0),M1,2,TOT,10,8,Q,2022-Q3,4.5,NUM,3,,,1
ABS:JV(1.0),M1,2,TOT,10,8,Q,2022-Q4,4.1,NUM,3,,,1
ABS:JV(1.0),M1,2,TOT,10,8,Q,2023-Q1,3.2,NUM,3,,,1
ABS:JV(1.0),M1,2,TOT,10,8,Q,2023-Q2,2.9,NUM,3,,,1
ABS:JV(1.0),M1,2,TOT,10,8,Q,2023-Q3,2.7,NUM,3,,,1
ABS:JV(1.0),M1,2,TOT,10,8,Q,2023-Q4,2.7,NUM,3,,,1
ABS:JV(1.0),M1,2,TOT,10,8,Q,2024-Q1,2.4,NUM,3,,,1
ABS:JV(1.0),M1,2,TOT,10,8,Q,2024-Q2,2.5,NUM,3,,,1
ABS:JV(1.0),M1,2,TOT,10,8,Q,2024-Q3,2.1,NUM,3,,,1
ABS:JV(1.0),M1,2,TOT,10,8,Q,2024-Q4,2.2,NUM,3,,,1
ABS:JV(1.0),M1,2,TOT,10,8,Q,2025-Q1,2.3,NUM,3,,,1
ABS:JV(1.0),M1,2,TOT,10,8,Q,2025-Q2,2.5,NUM,3,,,1
ABS:JV(1.0),M1,2,TOT,10,8,Q,2025-Q3,2.7,NUM,3,,,1
ABS:JV(1.0),M1,2,TOT,10,8,Q,2025-Q4,2.9,NUM,3,,,1
ABS:JV(1.0),M1,2,TOT,10,8,Q,2026-Q1,2.2,NUM,3,,,1
ABS:JV(1.0),M1,2,TOT,10,8,Q,2026-Q2,2.5,NUM,3,,,1
ABS:JV(1.0),M1,2,TOT,10,8,Q,2026-Q3,2,NUM,3,,,1
ABS:JV(1.0),M1,7,TOT,10,7,Q,2019-Q1,3.6,NUM,3,,,1
ABS:JV(1.0),M1,7,TOT,10,7,Q,2019-Q2,4.2,NUM,3,,,1
ABS:JV(1.0),M1,7,TOT,10,7,Q,2019-Q3,4.3,NUM,3,,,1
ABS:JV(1.0),M1,7,TOT,10,7,Q,2019-Q4,3.5,NUM,3,,,1
ABS:JV(1.0),M1,7,TOT,10,7,Q,2020-Q1,2.9,NUM,3,,,1
ABS:JV(1.0),M1,7,TOT,10,7,Q,2020-Q2,1.7,NUM,3,,,1
ABS:JV(1.0),M1,7,TOT,10,7,Q,2020-Q3,4.2,NUM,3,,,1
ABS:JV(1.0),M1,7,TOT,10,7,Q,2020-Q4,4.2,NUM,3,,,1
ABS:JV(1.0),M1,7,TOT,10,7,Q,2021-Q1,4.8,NUM,3,,,1
ABS:JV(1.0),M1,7,TOT,10,7,Q,2021-Q2,5,NUM,3,,,1
ABS:JV(1.0),M1,7,TOT,10,7,Q,2021-Q3,6.1,NUM,3,,,1
ABS:JV(1.0),M1,7,TOT,10,7,Q,2021-Q4,6.2,NUM,3,,,1
ABS:JV(1.0),M1,7,TOT,10,7,Q,2022-Q1,8.5,NUM,3,,,1
ABS:JV(1.0),M1,7,TOT,10,7,Q,2022-Q2,7.7,NUM,3,,,1
ABS:JV(1.0),M1,7,TOT,10,7,Q,2022-Q3,7.6,NUM,3,,,1
ABS:JV(1.0),M1,7,TOT,10,7,Q,2022-Q4,7.5,NUM,3,,,1
ABS:JV(1.0),M1,7,TOT,10,7,Q,2023-Q1,6.9,NUM,3,,,1
ABS:JV(1.0),M1,7,TOT,10,7,Q,2023-Q2,6.3,NUM,3,,,1
ABS:JV(1.0),M1,7,TOT,10,7,Q,2023-Q3,6,NUM,3,,,1
ABS:JV(1.0),M1,7,TOT,10,7,Q,2023-Q4,5.2,NUM,3,,,1
ABS:JV(1.0),M1,7,TOT,10,7,Q,2024-Q1,4.8,NUM,3,,,1
ABS:JV(1.0),M1,7,TOT,10,7,Q,2024-Q2,5.5,NUM,3,,,1
ABS:JV(1.0),M1,7,TOT,10,7,Q,2024-Q3,5.1,NUM,3,,,1
ABS:JV(1.0),M1,7,TOT,10,7,Q,2024-Q4,5.6,NUM,3,,,1
ABS:JV(1.0),M1,7,TOT,10,7,Q,2025-Q1,5.4,NUM,3,,,1
ABS:JV(1.0),M1,7,TOT,10,7,Q,2025-Q2,4.8,NUM,3,,,1
ABS:JV(1.0),M1,7,TOT,10,7,Q,2025-Q3,5.8,NUM,3,,,1
ABS:JV(1.0),M1,7,TOT,10,7,Q,2025-Q4,5.2,NUM,3,,,1
ABS:JV(1.0),M1,7,TOT,10,7,Q,2026-Q1,6.4,NUM,3,,,1
ABS:JV(1.0),M1,7,TOT,10,7,Q,2026-Q2,6.3,NUM,3,,,1
ABS:JV(1.0),M1,7,TOT,10,7,Q,2026-Q3,5.8,NUM,3,,,1
ABS:JV(1.0),M1,2,TOT,10,1,Q,2019-Q1,6.7,NUM,3,,,1
ABS:JV(1.0),M1,2,TOT,10,1,Q,2019-Q2,7.6,NUM,3,,,1
ABS:JV(1.0),M1,2,TOT,10,1,Q,2019-Q3,7.5,NUM,3,,,1
ABS:JV(1.0),M1,2,TOT,10,1,Q,2019-Q4,8,NUM,3,,,1
ABS:JV(1.0),M1,2,TOT,10,1,Q,2020-Q1,7.9,NUM,3,,,1
ABS:JV(1.0),M1,2,TOT,10,1,Q,2020-Q2,6.3,NUM,3,,,1
ABS:JV(1.0),M1,2,TOT,10,1,Q,2020-Q3,7.2,NUM,3,,,1
ABS:JV(1.0),M1,2,TOT,10,1,Q,2020-Q4,8.2,NUM,3,,,1
ABS:JV(1.0),M1,2,TOT,10,1,Q,2021-Q1,8.1,NUM,3,,,1
ABS:JV(1.0),M1,2,TOT,10,1,Q,2021-Q2,10.1,NUM,3,,,1
ABS:JV(1.0),M1,2,TOT,10,1,Q,2021-Q3,9.9,NUM,3,,,1
ABS:JV(1.0),M1,2,TOT,10,1,Q,2021-Q4,9.8,NUM,3,,,1
ABS:JV(1.0),M1,2,TOT,10,1,Q,2022-Q1,11.3,NUM,3,,,1
ABS:JV(1.0),M1,2,TOT,10,1,Q,2022-Q2,12.9,NUM,3,,,1
ABS:JV(1.0),M1,2,TOT,10,1,Q,2022-Q3,14.6,NUM,3,,,1
ABS:JV(1.0),M1,2,TOT,10,1,Q,2022-Q4,15.6,NUM,3,,,1
ABS:JV(1.0),M1,2,TOT,10,1,Q,2023-Q1,14.9,NUM,3,,,1
ABS:JV(1.0),M1,2,TOT,10,1,Q,2023-Q2,15.3,NUM,3,,,1
ABS:JV(1.0),M1,2,TOT,10,1,Q,2023-Q3,13.4,NUM,3,,,1
ABS:JV(1.0),M1,2,TOT,10,1,Q,2023-Q4,13.9,NUM,3,,,1
ABS:JV(1.0),M1,2,TOT,10,1,Q,2024-Q1,11.5,NUM,3,,,1
ABS:JV(1.0),M1,2,TOT,10,1,Q,2024-Q2,11.9,NUM,3,,,1
ABS:JV(1.0),M1,2,TOT,10,1,Q,2024-Q3,11.2,NUM,3,,,1
ABS:JV(1.0),M1,2,TOT,10,1,Q,2024-Q4,11.9,NUM,3,,,1
ABS:JV(1.0),M1,2,TOT,10,1,Q,2025-Q1,11.2,NUM,3,,,1
ABS:JV(1.0),M1,2,TOT,10,1,Q,2025-Q2,11,NUM,3,,,1
ABS:JV(1.0),M1,2,TOT,10,1,Q,2025-Q3,12.1,NUM,3,,,1
ABS:JV(1.0),M1,2,TOT,10,1,Q,2025-Q4,12.9,NUM,3,,,1
ABS:JV(1.0),M1,2,TOT,10,1,Q,2026-Q1,12.1,NUM,3,,,1
ABS:JV(1.0),M1,2,TOT,10,1,Q,2026-Q2,11.3,NUM,3,,,1
ABS:JV(1.0),M1,2,TOT,10,1,Q,2026-Q3,12.7,NUM,3,,,1
ABS:JV(1.0),M1,7,TOT,10,5,Q,2019-Q1,27.5,NUM,3,,,1
ABS:JV(1.0),M1,7,TOT,10,5,Q,2019-Q2,23.2,NUM,3,,,1
ABS:JV(1.0),M1,7,TOT,10,5,Q,2019-Q3,26.4,NUM,3,,,1
ABS:JV(1.0),M1,7,TOT,10,5,Q,2019-Q4,25.7,NUM,3,,,1
ABS:JV(1.0),M1,7,TOT,10,5,Q,2020-Q1,27.6,NUM,3,,,1
ABS:JV(1.0),M1,7,TOT,10,5,Q,2020-Q2,16.8,NUM,3,,,1
ABS:JV(1.0),M1,7,TOT,10,5,Q,2020-Q3,32.2,NUM,3,,,1
ABS:JV(1.0),M1,7,TOT,10,5,Q,2020-Q4,37.4,NUM,3,,,1
ABS:JV(1.0),M1,7,TOT,10,5,Q,2021-Q1,40,NUM,3,,,1
ABS:JV(1.0),M1,7,TOT,10,5,Q,2021-Q2,46.2,NUM,3,,,1
ABS:JV(1.0),M1,7,TOT,10,5,Q,2021-Q3,52.1,NUM,3,,,1
ABS:JV(1.0),M1,7,TOT,10,5,Q,2021-Q4,60.8,NUM,3,,,1
ABS:JV(1.0),M1,7,TOT,10,5,Q,2022-Q1,66.5,NUM,3,,,1
ABS:JV(1.0),M1,7,TOT,10,5,Q,2022-Q2,65.2,NUM,3,,,1
ABS:JV(1.0),M1,7,TOT,10,5,Q,2022-Q3,60.7,NUM,3,,,1
ABS:JV(1.0),M1,7,TOT,10,5,Q,2022-Q4,61.9,NUM,3,,,1
ABS:JV(1.0),M1,7,TOT,10,5,Q,2023-Q1,52.8,NUM,3,,,1
ABS:JV(1.0),M1,7,TOT,10,5,Q,2023-Q2,54.9,NUM,3,,,1
ABS:JV(1.0),M1,7,TOT,10,5,Q,2023-Q3,52.5,NUM,3,,,1
ABS:JV(1.0),M1,7,TOT,10,5,Q,2023-Q4,49.5,NUM,3,,,1
ABS:JV(1.0),M1,7,TOT,10,5,Q,2024-Q1,47.8,NUM,3,,,1
ABS:JV(1.0),M1,7,TOT,10,5,Q,2024-Q2,42,NUM,3,,,1
ABS:JV(1.0),M1,7,TOT,10,5,Q,2024-Q3,41.5,NUM,3,,,1
ABS:JV(1.0),M1,7,TOT,10,5,Q,2024-Q4,41.5,NUM,3,,,1
ABS:JV(1.0),M1,7,TOT,10,5,Q,2025-Q1,43.2,NUM,3,,,1
ABS:JV(1.0),M1,7,TOT,10,5,Q,2025-Q2,40.4,NUM,3,,,1
ABS:JV(1.0),M1,7,TOT,10,5,Q,2025-Q3,40.6,NUM,3,,,1
ABS:JV(1.0),M1,7,TOT,10,5,Q,2025-Q4,43.2,NUM,3,,,1
ABS:JV(1.0),M1,7,TOT,10,5,Q,2026-Q1,45.1,NUM,3,,,1
ABS:JV(1.0),M1,7,TOT,10,5,Q,2026-Q2,43.1,NUM,3,,,1
ABS:JV(1.0),M1,7,TOT,10,5,Q,2026-Q3,40.9,NUM,3,,,1
ABS:JV(1.0),M1,1,TOT,10,7,Q,2019-Q1,3.1,NUM,3,,,1
ABS:JV(1.0),M1,1,TOT,10,7,Q,2019-Q2,3.6,NUM,3,y,,1
ABS:JV(1.0),M1,1,TOT,10,7,Q,2019-Q3,3.7,NUM,3,,,1
ABS:JV(1.0),M1,1,TOT,10,7,Q,2019-Q4,3,NUM,3,,,1
ABS:JV(1.0),M1,1,TOT,10,7,Q,2020-Q1,2.1,NUM,3,,,1
ABS:JV(1.0),M1,1,TOT,10,7,Q,2020-Q2,1.3,NUM,3,,,1
ABS:JV(1.0),M1,1,TOT,10,7,Q,2020-Q3,3.6,NUM,3,,,1
ABS:JV(1.0),M1,1,TOT,10,7,Q,2020-Q4,3.5,NUM,3,,,1
ABS:JV(1.0),M1,1,TOT,10,7,Q,2021-Q1,3.8,NUM,3,,,1
ABS:JV(1.0),M1,1,TOT,10,7,Q,2021-Q2,4.1,NUM,3,,,1
ABS:JV(1.0),M1,1,TOT,10,7,Q,2021-Q3,5,NUM,3,,,1
ABS:JV(1.0),M1,1,TOT,10,7,Q,2021-Q4,5.2,NUM,3,,,1
ABS:JV(1.0),M1,1,TOT,10,7,Q,2022-Q1,7.1,NUM,3,,,1
ABS:JV(1.0),M1,1,TOT,10,7,Q,2022-Q2,6.3,NUM,3,,,1
ABS:JV(1.0),M1,1,TOT,10,7,Q,2022-Q3,6.4,NUM,3,,,1
ABS:JV(1.0),M1,1,TOT,10,7,Q,2022-Q4,6.2,NUM,3,,,1
ABS:JV(1.0),M1,1,TOT,10,7,Q,2023-Q1,5.6,NUM,3,,,1
ABS:JV(1.0),M1,1,TOT,10,7,Q,2023-Q2,4.9,NUM,3,,,1
ABS:JV(1.0),M1,1,TOT,10,7,Q,2023-Q3,4.5,NUM,3,,,1
ABS:JV(1.0),M1,1,TOT,10,7,Q,2023-Q4,3.9,NUM,3,,,1
ABS:JV(1.0),M1,1,TOT,10,7,Q,2024-Q1,3.5,NUM,3,,,1
ABS:JV(1.0),M1,1,TOT,10,7,Q,2024-Q2,4.4,NUM,3,,,1
ABS:JV(1.0),M1,1,TOT,10,7,Q,2024-Q3,4.1,NUM,3,,,1
ABS:JV(1.0),M1,1,TOT,10,7,Q,2024-Q4,4.7,NUM,3,,,1
ABS:JV(1.0),M1,1,TOT,10,7,Q,2025-Q1,4.4,NUM,3,,,1
ABS:JV(1.0),M1,1,TOT,10,7,Q,2025-Q2,3.8,NUM,3,,,1
ABS:JV(1.0),M1,1,TOT,10,7,Q,2025-Q3,5,NUM,3,,,1
ABS:JV(1.0),M1,1,TOT,10,7,Q,2025-Q4,4.3,NUM,3,,,1
ABS:JV(1.0),M1,1,TOT,10,7,Q,2026-Q1,5.3,NUM,3,,,1
ABS:JV(1.0),M1,1,TOT,10,7,Q,2026-Q2,5.4,NUM,3,,,1
ABS:JV(1.0),M1,1,TOT,10,7,Q,2026-Q3,4.9,NUM,3,,,1
ABS:JV(1.0),M1,1,TOT,10,1,Q,2019-Q1,77.3,NUM,3,,,1
ABS:JV(1.0),M1,1,TOT,10,1,Q,2019-Q2,69.6,NUM,3,,,1
ABS:JV(1.0),M1,1,TOT,10,1,Q,2019-Q3,65.3,NUM,3,,,1
ABS:JV(1.0),M1,1,TOT,10,1,Q,2019-Q4,72.2,NUM,3,,,1
ABS:JV(1.0),M1,1,TOT,10,1,Q,2020-Q1,71.4,NUM,3,,,1
ABS:JV(1.0),M1,1,TOT,10,1,Q,2020-Q2,33.4,NUM,3,,,1
ABS:JV(1.0),M1,1,TOT,10,1,Q,2020-Q3,55,NUM,3,,,1
ABS:JV(1.0),M1,1,TOT,10,1,Q,2020-Q4,74.4,NUM,3,,,1
ABS:JV(1.0),M1,1,TOT,10,1,Q,2021-Q1,85.9,NUM,3,,,1
ABS:JV(1.0),M1,1,TOT,10,1,Q,2021-Q2,102.7,NUM,3,,,1
ABS:JV(1.0),M1,1,TOT,10,1,Q,2021-Q3,85.2,NUM,3,,,1
ABS:JV(1.0),M1,1,TOT,10,1,Q,2021-Q4,111.1,NUM,3,,,1
ABS:JV(1.0),M1,1,TOT,10,1,Q,2022-Q1,118.7,NUM,3,,,1
ABS:JV(1.0),M1,1,TOT,10,1,Q,2022-Q2,132.2,NUM,3,,,1
ABS:JV(1.0),M1,1,TOT,10,1,Q,2022-Q3,136.1,NUM,3,,,1
ABS:JV(1.0),M1,1,TOT,10,1,Q,2022-Q4,117.4,NUM,3,,,1
ABS:JV(1.0),M1,1,TOT,10,1,Q,2023-Q1,130.1,NUM,3,,,1
ABS:JV(1.0),M1,1,TOT,10,1,Q,2023-Q2,112.8,NUM,3,,,1
ABS:JV(1.0),M1,1,TOT,10,1,Q,2023-Q3,109,NUM,3,,,1
ABS:JV(1.0),M1,1,TOT,10,1,Q,2023-Q4,105.6,NUM,3,,,1
ABS:JV(1.0),M1,1,TOT,10,1,Q,2024-Q1,96.1,NUM,3,,,1
ABS:JV(1.0),M1,1,TOT,10,1,Q,2024-Q2,91.5,NUM,3,,,1
ABS:JV(1.0),M1,1,TOT,10,1,Q,2024-Q3,90.3,NUM,3,,,1
ABS:JV(1.0),M1,1,TOT,10,1,Q,2024-Q4,93,NUM,3,,,1
ABS:JV(1.0),M1,1,TOT,10,1,Q,2025-Q1,89.6,NUM,3,,,1
ABS:JV(1.0),M1,1,TOT,10,1,Q,2025-Q2,86.3,NUM,3,,,1
ABS:JV(1.0),M1,1,TOT,10,1,Q,2025-Q3,86,NUM,3,,,1
ABS:JV(1.0),M1,1,TOT,10,1,Q,2025-Q4,84.7,NUM,3,,,1
ABS:JV(1.0),M1,1,TOT,10,1,Q,2026-Q1,89.1,NUM,3,,,1
ABS:JV(1.0),M1,1,TOT,10,1,Q,2026-Q2,84.7,NUM,3,,,1
ABS:JV(1.0),M1,1,TOT,10,1,Q,2026-Q3,83.7,NUM,3,,,1
ABS:JV(1.0),M1,7,TOT,10,2,Q,2019-Q1,64.1,NUM,3,,,1
ABS:JV(1.0),M1,7,TOT,10,2,Q,2019-Q2,60.1,NUM,3,,,1
ABS:JV(1.0),M1,7,TOT,10,2,Q,2019-Q3,61.2,NUM,3,,,1
ABS:JV(1.0),M1,7,TOT,10,2,Q,2019-Q4,60.1,NUM,3,,,1
ABS:JV(1.0),M1,7,TOT,10,2,Q,2020-Q1,59.7,NUM,3,,,1
ABS:JV(1.0),M1,7,TOT,10,2,Q,2020-Q2,28.7,NUM,3,,,1
ABS:JV(1.0),M1,7,TOT,10,2,Q,2020-Q3,45.8,NUM,3,,,1
ABS:JV(1.0),M1,7,TOT,10,2,Q,2020-Q4,58.4,NUM,3,,,1
ABS:JV(1.0),M1,7,TOT,10,2,Q,2021-Q1,65.6,NUM,3,,,1
ABS:JV(1.0),M1,7,TOT,10,2,Q,2021-Q2,87.6,NUM,3,,,1
ABS:JV(1.0),M1,7,TOT,10,2,Q,2021-Q3,81.3,NUM,3,,,1
ABS:JV(1.0),M1,7,TOT,10,2,Q,2021-Q4,106,NUM,3,,,1
ABS:JV(1.0),M1,7,TOT,10,2,Q,2022-Q1,101.8,NUM,3,,,1
ABS:JV(1.0),M1,7,TOT,10,2,Q,2022-Q2,120.1,NUM,3,,,1
ABS:JV(1.0),M1,7,TOT,10,2,Q,2022-Q3,126.6,NUM,3,,,1
ABS:JV(1.0),M1,7,TOT,10,2,Q,2022-Q4,117.7,NUM,3,,,1
ABS:JV(1.0),M1,7,TOT,10,2,Q,2023-Q1,110.8,NUM,3,,,1
ABS:JV(1.0),M1,7,TOT,10,2,Q,2023-Q2,105.1,NUM,3,,,1
ABS:JV(1.0),M1,7,TOT,10,2,Q,2023-Q3,99.6,NUM,3,,,1
ABS:JV(1.0),M1,7,TOT,10,2,Q,2023-Q4,94.9,NUM,3,,,1
ABS:JV(1.0),M1,7,TOT,10,2,Q,2024-Q1,91.5,NUM,3,,,1
ABS:JV(1.0),M1,7,TOT,10,2,Q,2024-Q2,87.4,NUM,3,,,1
ABS:JV(1.0),M1,7,TOT,10,2,Q,2024-Q3,82.8,NUM,3,,,1
ABS:JV(1.0),M1,7,TOT,10,2,Q,2024-Q4,81,NUM,3,,,1
ABS:JV(1.0),M1,7,TOT,10,2,Q,2025-Q1,76.1,NUM,3,,,1
ABS:JV(1.0),M1,7,TOT,10,2,Q,2025-Q2,82.1,NUM,3,,,1
ABS:JV(1.0),M1,7,TOT,10,2,Q,2025-Q3,74.8,NUM,3,,,1
ABS:JV(1.0),M1,7,TOT,10,2,Q,2025-Q4,80,NUM,3,,,1
ABS:JV(1.0),M1,7,TOT,10,2,Q,2026-Q1,83.1,NUM,3,,,1
ABS:JV(1.0),M1,7,TOT,10,2,Q,2026-Q2,76.4,NUM,3,,,1
ABS:JV(1.0),M1,7,TOT,10,2,Q,2026-Q3,77.5,NUM,3,,,1
ABS:JV(1.0),M1,1,TOT,10,8,Q,2019-Q1,4.8,NUM,3,,,1
ABS:JV(1.0),M1,1,TOT,10,8,Q,2019-Q2,4.8,NUM,3,,,1
ABS:JV(1.0),M1,1,TOT,10,8,Q,2019-Q3,5.1,NUM,3,,,1
ABS:JV(1.0),M1,1,TOT,10,8,Q,2019-Q4,5.3,NUM,3,,,1
ABS:JV(1.0),M1,1,TOT,10,8,Q,2020-Q1,4.9,NUM,3,,,1
ABS:JV(1.0),M1,1,TOT,10,8,Q,2020-Q2,2.5,NUM,3,,,1
ABS:JV(1.0),M1,1,TOT,10,8,Q,2020-Q3,3.7,NUM,3,,,1
ABS:JV(1.0),M1,1,TOT,10,8,Q,2020-Q4,6,NUM,3,,,1
ABS:JV(1.0),M1,1,TOT,10,8,Q,2021-Q1,6,NUM,3,,,1
ABS:JV(1.0),M1,1,TOT,10,8,Q,2021-Q2,6.7,NUM,3,,,1
ABS:JV(1.0),M1,1,TOT,10,8,Q,2021-Q3,6.1,NUM,3,,,1
ABS:JV(1.0),M1,1,TOT,10,8,Q,2021-Q4,7.7,NUM,3,,,1
ABS:JV(1.0),M1,1,TOT,10,8,Q,2022-Q1,8.5,NUM,3,,,1
ABS:JV(1.0),M1,1,TOT,10,8,Q,2022-Q2,8.8,NUM,3,,,1
ABS:JV(1.0),M1,1,TOT,10,8,Q,2022-Q3,7.5,NUM,3,,,1
ABS:JV(1.0),M1,1,TOT,10,8,Q,2022-Q4,8.1,NUM,3,,,1
ABS:JV(1.0),M1,1,TOT,10,8,Q,2023-Q1,8.3,NUM,3,,,1
ABS:JV(1.0),M1,1,TOT,10,8,Q,2023-Q2,8.5,NUM,3,,,1
ABS:JV(1.0),M1,1,TOT,10,8,Q,2023-Q3,7.7,NUM,3,,,1
ABS:JV(1.0),M1,1,TOT,10,8,Q,2023-Q4,5.9,NUM,3,,,1
ABS:JV(1.0),M1,1,TOT,10,8,Q,2024-Q1,6.3,NUM,3,,,1
ABS:JV(1.0),M1,1,TOT,10,8,Q,2024-Q2,5.8,NUM,3,,,1
ABS:JV(1.0),M1,1,TOT,10,8,Q,2024-Q3,5.8,NUM,3,,,1
ABS:JV(1.0),M1,1,TOT,10,8,Q,2024-Q4,6.8,NUM,3,,,1
ABS:JV(1.0),M1,1,TOT,10,8,Q,2025-Q1,5.1,NUM,3,,,1
ABS:JV(1.0),M1,1,TOT,10,8,Q,2025-Q2,5.8,NUM,3,,,1
ABS:JV(1.0),M1,1,TOT,10,8,Q,2025-Q3,5.1,NUM,3,,,1
ABS:JV(1.0),M1,1,TOT,10,8,Q,2025-Q4,5.2,NUM,3,,,1
ABS:JV(1.0),M1,1,TOT,10,8,Q,2026-Q1,5.9,NUM,3,,,1
ABS:JV(1.0),M1,1,TOT,10,8,Q,2026-Q2,5.3,NUM,3,,,1
ABS:JV(1.0),M1,1,TOT,10,8,Q,2026-Q3,4.2,NUM,3,,,1
ABS:JV(1.0),M1,7,TOT,10,3,Q,2019-Q1,36.6,NUM,3,,,1
ABS:JV(1.0),M1,7,TOT,10,3,Q,2019-Q2,33.2,NUM,3,,,1
ABS:JV(1.0),M1,7,TOT,10,3,Q,2019-Q3,39.1,NUM,3,,,1
ABS:JV(1.0),M1,7,TOT,10,3,Q,2019-Q4,39.2,NUM,3,,,1
ABS:JV(1.0),M1,7,TOT,10,3,Q,2020-Q1,38.4,NUM,3,,,1
ABS:JV(1.0),M1,7,TOT,10,3,Q,2020-Q2,25.2,NUM,3,,,1
ABS:JV(1.0),M1,7,TOT,10,3,Q,2020-Q3,42.1,NUM,3,,,1
ABS:JV(1.0),M1,7,TOT,10,3,Q,2020-Q4,47.9,NUM,3,,,1
ABS:JV(1.0),M1,7,TOT,10,3,Q,2021-Q1,53.5,NUM,3,,,1
ABS:JV(1.0),M1,7,TOT,10,3,Q,2021-Q2,67.2,NUM,3,,,1
ABS:JV(1.0),M1,7,TOT,10,3,Q,2021-Q3,70.6,NUM,3,,,1
ABS:JV(1.0),M1,7,TOT,10,3,Q,2021-Q4,70.3,NUM,3,,,1
ABS:JV(1.0),M1,7,TOT,10,3,Q,2022-Q1,76.9,NUM,3,,,1
ABS:JV(1.0),M1,7,TOT,10,3,Q,2022-Q2,78.6,NUM,3,,,1
ABS:JV(1.0),M1,7,TOT,10,3,Q,2022-Q3,85.8,NUM,3,,,1
ABS:JV(1.0),M1,7,TOT,10,3,Q,2022-Q4,85.7,NUM,3,,,1
ABS:JV(1.0),M1,7,TOT,10,3,Q,2023-Q1,85,NUM,3,,,1
ABS:JV(1.0),M1,7,TOT,10,3,Q,2023-Q2,77.1,NUM,3,,,1
ABS:JV(1.0),M1,7,TOT,10,3,Q,2023-Q3,80,NUM,3,,,1
ABS:JV(1.0),M1,7,TOT,10,3,Q,2023-Q4,78.2,NUM,3,,,1
ABS:JV(1.0),M1,7,TOT,10,3,Q,2024-Q1,69.5,NUM,3,,,1
ABS:JV(1.0),M1,7,TOT,10,3,Q,2024-Q2,67,NUM,3,,,1
ABS:JV(1.0),M1,7,TOT,10,3,Q,2024-Q3,67.5,NUM,3,,,1
ABS:JV(1.0),M1,7,TOT,10,3,Q,2024-Q4,76.9,NUM,3,,,1
ABS:JV(1.0),M1,7,TOT,10,3,Q,2025-Q1,69.8,NUM,3,,,1
ABS:JV(1.0),M1,7,TOT,10,3,Q,2025-Q2,71,NUM,3,,,1
ABS:JV(1.0),M1,7,TOT,10,3,Q,2025-Q3,71.4,NUM,3,,,1
ABS:JV(1.0),M1,7,TOT,10,3,Q,2025-Q4,70.5,NUM,3,,,1
ABS:JV(1.0),M1,7,TOT,10,3,Q,2026-Q1,72.6,NUM,3,,,1
ABS:JV(1.0),M1,7,TOT,10,3,Q,2026-Q2,69.5,NUM,3,,,1
ABS:JV(1.0),M1,7,TOT,10,3,Q,2026-Q3,69.5,NUM,3,,,1
ABS:JV(1.0),M1,7,TOT,10,6,Q,2019-Q1,3,NUM,3,,,1
ABS:JV(1.0),M1,7,TOT,10,6,Q,2019-Q2,3.3,NUM,3,,,1
ABS:JV(1.0),M1,7,TOT,10,6,Q,2019-Q3,3.6,NUM,3,,,1
ABS:JV(1.0),M1,7,TOT,10,6,Q,2019-Q4,3.6,NUM,3,,,1
ABS:JV(1.0),M1,7,TOT,10,6,Q,2020-Q1,3.4,NUM,3,,,1
ABS:JV(1.0),M1,7,TOT,10,6,Q,2020-Q2,1.9,NUM,3,,,1
ABS:JV(1.0),M1,7,TOT,10,6,Q,2020-Q3,3.4,NUM,3,,,1
ABS:JV(1.0),M1,7,TOT,10,6,Q,2020-Q4,5.1,NUM,3,,,1
ABS:JV(1.0),M1,7,TOT,10,6,Q,2021-Q1,5.7,NUM,3,,,1
ABS:JV(1.0),M1,7,TOT,10,6,Q,2021-Q2,6.5,NUM,3,,,1
ABS:JV(1.0),M1,7,TOT,10,6,Q,2021-Q3,5.8,NUM,3,,,1
ABS:JV(1.0),M1,7,TOT,10,6,Q,2021-Q4,6.8,NUM,3,,,1
ABS:JV(1.0),M1,7,TOT,10,6,Q,2022-Q1,7.3,NUM,3,,,1
ABS:JV(1.0),M1,7,TOT,10,6,Q,2022-Q2,7.5,NUM,3,,,1
ABS:JV(1.0),M1,7,TOT,10,6,Q,2022-Q3,6.3,NUM,3,,,1
ABS:JV(1.0),M1,7,TOT,10,6,Q,2022-Q4,7.1,NUM,3,,,1
ABS:JV(1.0),M1,7,TOT,10,6,Q,2023-Q1,7.7,NUM,3,,,1
ABS:JV(1.0),M1,7,TOT,10,6,Q,2023-Q2,7.1,NUM,3,,,1
ABS:JV(1.0),M1,7,TOT,10,6,Q,2023-Q3,6.8,NUM,3,,,1
ABS:JV(1.0),M1,7,TOT,10,6,Q,2023-Q4,6.5,NUM,3,,,1
ABS:JV(1.0),M1,7,TOT,10,6,Q,2024-Q1,6.8,NUM,3,,,1
ABS:JV(1.0),M1,7,TOT,10,6,Q,2024-Q2,6.4,NUM,3,,,1
ABS:JV(1.0),M1,7,TOT,10,6,Q,2024-Q3,6.1,NUM,3,,,1
ABS:JV(1.0),M1,7,TOT,10,6,Q,2024-Q4,6.4,NUM,3,,,1
ABS:JV(1.0),M1,7,TOT,10,6,Q,2025-Q1,5.3,NUM,3,,,1
ABS:JV(1.0),M1,7,TOT,10,6,Q,2025-Q2,5.4,NUM,3,,,1
ABS:JV(1.0),M1,7,TOT,10,6,Q,2025-Q3,5.5,NUM,3,,,1
ABS:JV(1.0),M1,7,TOT,10,6,Q,2025-Q4,5.4,NUM,3,,,1
ABS:JV(1.0),M1,7,TOT,10,6,Q,2026-Q1,5.7,NUM,3,,,1
ABS:JV(1.0),M1,7,TOT,10,6,Q,2026-Q2,5.8,NUM,3,,,1
ABS:JV(1.0),M1,7,TOT,10,6,Q,2026-Q3,5.4,NUM,3,,,1
ABS:JV(1.0),M1,7,TOT,10,4,Q,2019-Q1,9.4,NUM,3,,,1
ABS:JV(1.0),M1,7,TOT,10,4,Q,2019-Q2,11.2,NUM,3,,,1
ABS:JV(1.0),M1,7,TOT,10,4,Q,2019-Q3,11.3,NUM,3,,,1
ABS:JV(1.0),M1,7,TOT,10,4,Q,2019-Q4,11.4,NUM,3,,,1
ABS:JV(1.0),M1,7,TOT,10,4,Q,2020-Q1,11.7,NUM,3,,,1
ABS:JV(1.0),M1,7,TOT,10,4,Q,2020-Q2,6.8,NUM,3,,,1
ABS:JV(1.0),M1,7,TOT,10,4,Q,2020-Q3,12.5,NUM,3,,,1
ABS:JV(1.0),M1,7,TOT,10,4,Q,2020-Q4,15.6,NUM,3,,,1
ABS:JV(1.0),M1,7,TOT,10,4,Q,2021-Q1,19.3,NUM,3,,,1
ABS:JV(1.0),M1,7,TOT,10,4,Q,2021-Q2,21.3,NUM,3,,,1
ABS:JV(1.0),M1,7,TOT,10,4,Q,2021-Q3,18,NUM,3,,,1
ABS:JV(1.0),M1,7,TOT,10,4,Q,2021-Q4,23.7,NUM,3,,,1
ABS:JV(1.0),M1,7,TOT,10,4,Q,2022-Q1,24.5,NUM,3,,,1
ABS:JV(1.0),M1,7,TOT,10,4,Q,2022-Q2,24.5,NUM,3,,,1
ABS:JV(1.0),M1,7,TOT,10,4,Q,2022-Q3,25.2,NUM,3,,,1
ABS:JV(1.0),M1,7,TOT,10,4,Q,2022-Q4,25.3,NUM,3,,,1
ABS:JV(1.0),M1,7,TOT,10,4,Q,2023-Q1,22.9,NUM,3,,,1
ABS:JV(1.0),M1,7,TOT,10,4,Q,2023-Q2,24.9,NUM,3,,,1
ABS:JV(1.0),M1,7,TOT,10,4,Q,2023-Q3,24.7,NUM,3,,,1
ABS:JV(1.0),M1,7,TOT,10,4,Q,2023-Q4,24,NUM,3,,,1
ABS:JV(1.0),M1,7,TOT,10,4,Q,2024-Q1,25.9,NUM,3,,,1
ABS:JV(1.0),M1,7,TOT,10,4,Q,2024-Q2,21.5,NUM,3,,,1
ABS:JV(1.0),M1,7,TOT,10,4,Q,2024-Q3,19.5,NUM,3,,,1
ABS:JV(1.0),M1,7,TOT,10,4,Q,2024-Q4,23,NUM,3,,,1
ABS:JV(1.0),M1,7,TOT,10,4,Q,2025-Q1,21,NUM,3,,,1
ABS:JV(1.0),M1,7,TOT,10,4,Q,2025-Q2,22.9,NUM,3,,,1
ABS:JV(1.0),M1,7,TOT,10,4,Q,2025-Q3,22,NUM,3,,,1
ABS:JV(1.0),M1,7,TOT,10,4,Q,2025-Q4,20.5,NUM,3,,,1
ABS:JV(1.0),M1,7,TOT,10,4,Q,2026-Q1,20.1,NUM,3,,,1
ABS:JV(1.0),M1,7,TOT,10,4,Q,2026-Q2,18.8,NUM,3,,,1
ABS:JV(1.0),M1,7,TOT,10,4,Q,2026-Q3,19.9,NUM,3,,,1
ABS:JV(1.0),M1,2,TOT,10,3,Q,2019-Q1,2.8,NUM,3,,,1
ABS:JV(1.0),M1,2,TOT,10,3,Q,2019-Q2,3,NUM,3,,,1
ABS:JV(1.0),M1,2,TOT,10,3,Q,2019-Q3,3.8,NUM,3,,,1
ABS:JV(1.0),M1,2,TOT,10,3,Q,2019-Q4,3.6,NUM,3,,,1
ABS:JV(1.0),M1,2,TOT,10,3,Q,2020-Q1,3.5,NUM,3,,,1
ABS:JV(1.0),M1,2,TOT,10,3,Q,2020-Q2,2.3,NUM,3,,,1
ABS:JV(1.0),M1,2,TOT,10,3,Q,2020-Q3,2.9,NUM,3,,,1
ABS:JV(1.0),M1,2,TOT,10,3,Q,2020-Q4,3.9,NUM,3,,,1
ABS:JV(1.0),M1,2,TOT,10,3,Q,2021-Q1,4.4,NUM,3,,,1
ABS:JV(1.0),M1,2,TOT,10,3,Q,2021-Q2,4.4,NUM,3,,,1
ABS:JV(1.0),M1,2,TOT,10,3,Q,2021-Q3,4.4,NUM,3,,,1
ABS:JV(1.0),M1,2,TOT,10,3,Q,2021-Q4,5.4,NUM,3,,,1
ABS:JV(1.0),M1,2,TOT,10,3,Q,2022-Q1,6.1,NUM,3,,,1
ABS:JV(1.0),M1,2,TOT,10,3,Q,2022-Q2,6.4,NUM,3,,,1
ABS:JV(1.0),M1,2,TOT,10,3,Q,2022-Q3,7.1,NUM,3,,,1
ABS:JV(1.0),M1,2,TOT,10,3,Q,2022-Q4,7.8,NUM,3,,,1
ABS:JV(1.0),M1,2,TOT,10,3,Q,2023-Q1,7.4,NUM,3,,,1
ABS:JV(1.0),M1,2,TOT,10,3,Q,2023-Q2,6.1,NUM,3,,,1
ABS:JV(1.0),M1,2,TOT,10,3,Q,2023-Q3,6.5,NUM,3,,,1
ABS:JV(1.0),M1,2,TOT,10,3,Q,2023-Q4,7,NUM,3,,,1
ABS:JV(1.0),M1,2,TOT,10,3,Q,2024-Q1,6.9,NUM,3,,,1
ABS:JV(1.0),M1,2,TOT,10,3,Q,2024-Q2,6.9,NUM,3,,,1
ABS:JV(1.0),M1,2,TOT,10,3,Q,2024-Q3,6.3,NUM,3,,,1
ABS:JV(1.0),M1,2,TOT,10,3,Q,2024-Q4,6.9,NUM,3,,,1
ABS:JV(1.0),M1,2,TOT,10,3,Q,2025-Q1,6.6,NUM,3,,,1
ABS:JV(1.0),M1,2,TOT,10,3,Q,2025-Q2,6.9,NUM,3,,,1
ABS:JV(1.0),M1,2,TOT,10,3,Q,2025-Q3,6.4,NUM,3,,,1
ABS:JV(1.0),M1,2,TOT,10,3,Q,2025-Q4,6.6,NUM,3,,,1
ABS:JV(1.0),M1,2,TOT,10,3,Q,2026-Q1,6.4,NUM,3,,,1
ABS:JV(1.0),M1,2,TOT,10,3,Q,2026-Q2,4.9,NUM,3,,,1
ABS:JV(1.0),M1,2,TOT,10,3,Q,2026-Q3,5.1,NUM,3,,,1
ABS:JV(1.0),M1,2,TOT,10,6,Q,2019-Q1,0.5,NUM,3,,,1
ABS:JV(1.0),M1,2,TOT,10,6,Q,2019-Q2,0.6,NUM,3,,,1
ABS:JV(1.0),M1,2,TOT,10,6,Q,2019-Q3,0.6,NUM,3,,,1
ABS:JV(1.0),M1,2,TOT,10,6,Q,2019-Q4,0.7,NUM,3,,,1
ABS:JV(1.0),M1,2,TOT,10,6,Q,2020-Q1,0.5,NUM,3,,,1
ABS:JV(1.0),M1,2,TOT,10,6,Q,2020-Q2,0.3,NUM,3,,,1
ABS:JV(1.0),M1,2,TOT,10,6,Q,2020-Q3,0.6,NUM,3,,,1
ABS:JV(1.0),M1,2,TOT,10,6,Q,2020-Q4,0.8,NUM,3,,,1
ABS:JV(1.0),M1,2,TOT,10,6,Q,2021-Q1,0.5,NUM,3,,,1
ABS:JV(1.0),M1,2,TOT,10,6,Q,2021-Q2,0.6,NUM,3,,,1
ABS:JV(1.0),M1,2,TOT,10,6,Q,2021-Q3,0.9,NUM,3,,,1
ABS:JV(1.0),M1,2,TOT,10,6,Q,2021-Q4,1.1,NUM,3,,,1
ABS:JV(1.0),M1,2,TOT,10,6,Q,2022-Q1,0.8,NUM,3,,,1
ABS:JV(1.0),M1,2,TOT,10,6,Q,2022-Q2,0.8,NUM,3,,,1
ABS:JV(1.0),M1,2,TOT,10,6,Q,2022-Q3,0.8,NUM,3,,,1
ABS:JV(1.0),M1,2,TOT,10,6,Q,2022-Q4,0.9,NUM,3,,,1
ABS:JV(1.0),M1,2,TOT,10,6,Q,2023-Q1,0.9,NUM,3,,,1
ABS:JV(1.0),M1,2,TOT,10,6,Q,2023-Q2,1,NUM,3,,,1
ABS:JV(1.0),M1,2,TOT,10,6,Q,2023-Q3,0.9,NUM,3,,,1
ABS:JV(1.0),M1,2,TOT,10,6,Q,2023-Q4,1,NUM,3,,,1
ABS:JV(1.0),M1,2,TOT,10,6,Q,2024-Q1,1,NUM,3,,,1
ABS:JV(1.0),M1,2,TOT,10,6,Q,2024-Q2,1.1,NUM,3,,,1
ABS:JV(1.0),M1,2,TOT,10,6,Q,2024-Q3,1,NUM,3,,,1
ABS:JV(1.0),M1,2,TOT,10,6,Q,2024-Q4,1,NUM,3,,,1
ABS:JV(1.0),M1,2,TOT,10,6,Q,2025-Q1,0.9,NUM,3,,,1
ABS:JV(1.0),M1,2,TOT,10,6,Q,2025-Q2,1,NUM,3,,,1
ABS:JV(1.0),M1,2,TOT,10,6,Q,2025-Q3,1,NUM,3,,,1
ABS:JV(1.0),M1,2,TOT,10,6,Q,2025-Q4,0.8,NUM,3,,,1
ABS:JV(1.0),M1,2,TOT,10,6,Q,2026-Q1,0.9,NUM,3,,,1
ABS:JV(1.0),M1,2,TOT,10,6,Q,2026-Q2,0.9,NUM,3,,,1
ABS:JV(1.0),M1,2,TOT,10,6,Q,2026-Q3,0.8,NUM,3,,,1
ABS:JV(1.0),M1,1,TOT,10,3,Q,2019-Q1,33.8,NUM,3,,,1
ABS:JV(1.0),M1,1,TOT,10,3,Q,2019-Q2,30.1,NUM,3,,,1
ABS:JV(1.0),M1,1,TOT,10,3,Q,2019-Q3,35.3,NUM,3,,,1
ABS:JV(1.0),M1,1,TOT,10,3,Q,2019-Q4,35.5,NUM,3,,,1
ABS:JV(1.0),M1,1,TOT,10,3,Q,2020-Q1,34.9,NUM,3,,,1
ABS:JV(1.0),M1,1,TOT,10,3,Q,2020-Q2,22.9,NUM,3,,,1
ABS:JV(1.0),M1,1,TOT,10,3,Q,2020-Q3,39.2,NUM,3,,,1
ABS:JV(1.0),M1,1,TOT,10,3,Q,2020-Q4,44,NUM,3,,,1
ABS:JV(1.0),M1,1,TOT,10,3,Q,2021-Q1,49.1,NUM,3,,,1
ABS:JV(1.0),M1,1,TOT,10,3,Q,2021-Q2,62.8,NUM,3,,,1
ABS:JV(1.0),M1,1,TOT,10,3,Q,2021-Q3,66.2,NUM,3,,,1
ABS:JV(1.0),M1,1,TOT,10,3,Q,2021-Q4,64.9,NUM,3,,,1
ABS:JV(1.0),M1,1,TOT,10,3,Q,2022-Q1,70.8,NUM,3,,,1
ABS:JV(1.0),M1,1,TOT,10,3,Q,2022-Q2,72.2,NUM,3,,,1
ABS:JV(1.0),M1,1,TOT,10,3,Q,2022-Q3,78.7,NUM,3,,,1
ABS:JV(1.0),M1,1,TOT,10,3,Q,2022-Q4,77.9,NUM,3,,,1
ABS:JV(1.0),M1,1,TOT,10,3,Q,2023-Q1,77.6,NUM,3,,,1
ABS:JV(1.0),M1,1,TOT,10,3,Q,2023-Q2,70.9,NUM,3,,,1
ABS:JV(1.0),M1,1,TOT,10,3,Q,2023-Q3,73.5,NUM,3,,,1
ABS:JV(1.0),M1,1,TOT,10,3,Q,2023-Q4,71.2,NUM,3,,,1
ABS:JV(1.0),M1,1,TOT,10,3,Q,2024-Q1,62.6,NUM,3,,,1
ABS:JV(1.0),M1,1,TOT,10,3,Q,2024-Q2,60.1,NUM,3,,,1
ABS:JV(1.0),M1,1,TOT,10,3,Q,2024-Q3,61.2,NUM,3,,,1
ABS:JV(1.0),M1,1,TOT,10,3,Q,2024-Q4,70,NUM,3,,,1
ABS:JV(1.0),M1,1,TOT,10,3,Q,2025-Q1,63.1,NUM,3,,,1
ABS:JV(1.0),M1,1,TOT,10,3,Q,2025-Q2,64.1,NUM,3,,,1
ABS:JV(1.0),M1,1,TOT,10,3,Q,2025-Q3,64.9,NUM,3,,,1
ABS:JV(1.0),M1,1,TOT,10,3,Q,2025-Q4,63.9,NUM,3,,,1
ABS:JV(1.0),M1,1,TOT,10,3,Q,2026-Q1,66.2,NUM,3,,,1
ABS:JV(1.0),M1,1,TOT,10,3,Q,2026-Q2,64.7,NUM,3,,,1
ABS:JV(1.0),M1,1,TOT,10,3,Q,2026-Q3,64.3,NUM,3,,,1
ABS:JV(1.0),M1,1,TOT,10,2,Q,2019-Q1,58.9,NUM,3,,,1
ABS:JV(1.0),M1,1,TOT,10,2,Q,2019-Q2,54.6,NUM,3,,,1
ABS:JV(1.0),M1,1,TOT,10,2,Q,2019-Q3,55.9,NUM,3,,,1
ABS:JV(1.0),M1,1,TOT,10,2,Q,2019-Q4,54.9,NUM,3,,,1
ABS:JV(1.0),M1,1,TOT,10,2,Q,2020-Q1,53.7,NUM,3,,,1
ABS:JV(1.0),M1,1,TOT,10,2,Q,2020-Q2,24.3,NUM,3,,,1
ABS:JV(1.0),M1,1,TOT,10,2,Q,2020-Q3,40.6,NUM,3,,,1
ABS:JV(1.0),M1,1,TOT,10,2,Q,2020-Q4,52.8,NUM,3,,,1
ABS:JV(1.0),M1,1,TOT,10,2,Q,2021-Q1,59.5,NUM,3,,,1
ABS:JV(1.0),M1,1,TOT,10,2,Q,2021-Q2,80.9,NUM,3,,,1
ABS:JV(1.0),M1,1,TOT,10,2,Q,2021-Q3,74,NUM,3,,,1
ABS:JV(1.0),M1,1,TOT,10,2,Q,2021-Q4,97.5,NUM,3,,,1
ABS:JV(1.0),M1,1,TOT,10,2,Q,2022-Q1,93.7,NUM,3,,,1
ABS:JV(1.0),M1,1,TOT,10,2,Q,2022-Q2,110.8,NUM,3,,,1
ABS:JV(1.0),M1,1,TOT,10,2,Q,2022-Q3,116.3,NUM,3,,,1
ABS:JV(1.0),M1,1,TOT,10,2,Q,2022-Q4,107.7,NUM,3,,,1
ABS:JV(1.0),M1,1,TOT,10,2,Q,2023-Q1,99.3,NUM,3,,,1
ABS:JV(1.0),M1,1,TOT,10,2,Q,2023-Q2,92,NUM,3,,,1
ABS:JV(1.0),M1,1,TOT,10,2,Q,2023-Q3,87.7,NUM,3,,,1
ABS:JV(1.0),M1,1,TOT,10,2,Q,2023-Q4,84.8,NUM,3,,,1
ABS:JV(1.0),M1,1,TOT,10,2,Q,2024-Q1,81.7,NUM,3,,,1
ABS:JV(1.0),M1,1,TOT,10,2,Q,2024-Q2,78.1,NUM,3,,,1
ABS:JV(1.0),M1,1,TOT,10,2,Q,2024-Q3,75.2,NUM,3,,,1
ABS:JV(1.0),M1,1,TOT,10,2,Q,2024-Q4,72.7,NUM,3,,,1
ABS:JV(1.0),M1,1,TOT,10,2,Q,2025-Q1,67.1,NUM,3,,,1
ABS:JV(1.0),M1,1,TOT,10,2,Q,2025-Q2,72.1,NUM,3,,,1
ABS:JV(1.0),M1,1,TOT,10,2,Q,2025-Q3,65,NUM,3,,,1
ABS:JV(1.0),M1,1,TOT,10,2,Q,2025-Q4,69.9,NUM,3,,,1
ABS:JV(1.0),M1,1,TOT,10,2,Q,2026-Q1,73.6,NUM,3,,,1
ABS:JV(1.0),M1,1,TOT,10,2,Q,2026-Q2,66.1,NUM,3,,,1
ABS:JV(1.0),M1,1,TOT,10,2,Q,2026-Q3,66.6,NUM,3,,,1
ABS:JV(1.0),M1,1,TOT,10,4,Q,2019-Q1,7.9,NUM,3,,,1
ABS:JV(1.0),M1,1,TOT,10,4,Q,2019-Q2,9.6,NUM,3,,,1
ABS:JV(1.0),M1,1,TOT,10,4,Q,2019-Q3,9.5,NUM,3,,,1
ABS:JV(1.0),M1,1,TOT,10,4,Q,2019-Q4,9.5,NUM,3,,,1
ABS:JV(1.0),M1,1,TOT,10,4,Q,2020-Q1,10,NUM,3,,,1
ABS:JV(1.0),M1,1,TOT,10,4,Q,2020-Q2,5.2,NUM,3,,,1
ABS:JV(1.0),M1,1,TOT,10,4,Q,2020-Q3,10.6,NUM,3,,,1
ABS:JV(1.0),M1,1,TOT,10,4,Q,2020-Q4,13.3,NUM,3,,,1
ABS:JV(1.0),M1,1,TOT,10,4,Q,2021-Q1,17.3,NUM,3,,,1
ABS:JV(1.0),M1,1,TOT,10,4,Q,2021-Q2,18.7,NUM,3,,,1
ABS:JV(1.0),M1,1,TOT,10,4,Q,2021-Q3,15.5,NUM,3,,,1
ABS:JV(1.0),M1,1,TOT,10,4,Q,2021-Q4,20.9,NUM,3,,,1
ABS:JV(1.0),M1,1,TOT,10,4,Q,2022-Q1,21.9,NUM,3,,,1
ABS:JV(1.0),M1,1,TOT,10,4,Q,2022-Q2,21.9,NUM,3,,,1
ABS:JV(1.0),M1,1,TOT,10,4,Q,2022-Q3,22.4,NUM,3,,,1
ABS:JV(1.0),M1,1,TOT,10,4,Q,2022-Q4,22.3,NUM,3,,,1
ABS:JV(1.0),M1,1,TOT,10,4,Q,2023-Q1,19.8,NUM,3,,,1
ABS:JV(1.0),M1,1,TOT,10,4,Q,2023-Q2,21.7,NUM,3,,,1
ABS:JV(1.0),M1,1,TOT,10,4,Q,2023-Q3,21.6,NUM,3,,,1
ABS:JV(1.0),M1,1,TOT,10,4,Q,2023-Q4,20.8,NUM,3,,,1
ABS:JV(1.0),M1,1,TOT,10,4,Q,2024-Q1,23.2,NUM,3,,,1
ABS:JV(1.0),M1,1,TOT,10,4,Q,2024-Q2,18.6,NUM,3,,,1
ABS:JV(1.0),M1,1,TOT,10,4,Q,2024-Q3,16.3,NUM,3,,,1
ABS:JV(1.0),M1,1,TOT,10,4,Q,2024-Q4,20.2,NUM,3,,,1
ABS:JV(1.0),M1,1,TOT,10,4,Q,2025-Q1,18.1,NUM,3,,,1
ABS:JV(1.0),M1,1,TOT,10,4,Q,2025-Q2,19.6,NUM,3,,,1
ABS:JV(1.0),M1,1,TOT,10,4,Q,2025-Q3,18.7,NUM,3,,,1
ABS:JV(1.0),M1,1,TOT,10,4,Q,2025-Q4,17.2,NUM,3,,,1
ABS:JV(1.0),M1,1,TOT,10,4,Q,2026-Q1,16.6,NUM,3,,,1
ABS:JV(1.0),M1,1,TOT,10,4,Q,2026-Q2,15.7,NUM,3,,,1
ABS:JV(1.0),M1,1,TOT,10,4,Q,2026-Q3,16.4,NUM,3,,,1
